,rank,age,player,player_id,rank_change
0,1,31.0,rafael-nadal,n409,5
1,2,36.0,roger-federer,f324,8
2,3,26.0,grigor-dimitrov,d875,10
3,4,20.0,alexander-zverev,z355,18
4,5,24.0,dominic-thiem,tb69,3
5,6,29.0,marin-cilic,c977,1
6,7,26.0,david-goffin,gb88,4
7,8,25.0,jack-sock,sm25,12
8,9,32.0,stan-wawrinka,w367,-6
9,10,26.0,pablo-carreno%20busta,cd85,16
10,11,29.0,juan%20martin-del%20potro,d683,27
11,12,30.0,novak-djokovic,d643,-10
12,13,30.0,sam-querrey,q927,14
13,14,31.0,kevin-anderson,a678,63
14,15,32.0,jo-wilfried-tsonga,t786,-1
15,16,30.0,andy-murray,mc10,-15
16,17,32.0,john-isner,i186,6
17,18,23.0,lucas-pouille,pf39,-1
18,19,32.0,tomas-berdych,ba47,-7
19,20,29.0,roberto-bautista%20agut,bd06,-4
20,21,22.0,nick-kyrgios,ke17,-6
21,22,27.0,kei-nishikori,n552,-17
22,23,29.0,albert-ramos-vinolas,r772,7
23,24,26.0,milos-raonic,r975,-20
24,25,34.0,gilles-muller,ma30,3
25,26,25.0,diego-schwartzman,sm37,27
26,27,30.0,fabio-fognini,f510,21
27,28,29.0,adrian-mannarino,me82,32
28,29,34.0,philipp-kohlschreiber,k435,0
29,30,25.0,damir-dzumhur,d923,52
30,31,31.0,richard-gasquet,g628,-13
31,32,31.0,pablo-cuevas,c882,-11
32,33,30.0,mischa-zverev,z168,2
33,34,25.0,filip-krajinovic,kb05,195
34,35,34.0,fernando-verdasco,v306,5
35,36,36.0,feliciano-lopez,l397,-3
36,37,35.0,david-ferrer,f401,-12
37,38,29.0,alexandr-dolgopolov,d801,31
38,39,20.0,andrey-rublev,re44,82
39,40,29.0,yuichi-sugita,se73,77
40,41,28.0,benoit-paire,pd31,3
41,42,30.0,robin-haase,h756,14
42,43,35.0,paolo-lorenzi,l503,0
43,44,27.0,steve-johnson,j386,-13
44,45,21.0,karen-khachanov,ke29,7
45,46,31.0,gael-monfils,mc65,-37
46,47,25.0,ryan-harrison,h940,31
47,48,21.0,borna-coric,cg80,9
48,49,28.0,aljaz-bedene,bh09,61
49,50,22.0,kyle-edmund,e831,-3
50,51,18.0,denis-shapovalov,su55,183
51,52,30.0,leonardo-mayer,md56,95
52,53,27.0,jan-lennard-struff,sl28,6
53,54,21.0,jared-donaldson,dc58,46
54,55,31.0,viktor-troicki,t840,-18
55,56,31.0,denis-istomin,i165,24
56,57,35.0,julien-benneteau,b747,73
57,58,28.0,joao-sousa,sh90,-17
58,59,21.0,hyeon-chung,ch27,14
59,60,25.0,nikoloz-basilashvili,bg23,29
60,61,28.0,peter-gojowczyk,g967,101
61,62,28.0,donald-young,y124,12
62,63,24.0,jiri-vesely,v708,-9
63,64,27.0,guido-pella,pc11,20
64,65,21.0,daniil-medvedev,mm58,-2
65,66,32.0,horacio-zeballos,z184,6
66,67,32.0,dudi-sela,sc56,8
67,68,27.0,federico-delbonis,d874,-19
68,69,34.0,florian-mayer,mb02,-19
69,70,34.0,guillermo-garcia-lopez,g476,24
70,71,34.0,yen-hsun-lu,l575,-10
71,72,27.0,evgeny-donskoy,d864,60
72,73,28.0,thomas-fabbiano,f586,58
73,74,29.0,mikhail-kukushkin,k926,25
74,75,27.0,dusan-lajovic,l987,17
75,76,33.0,steve-darcis,d632,-18
76,77,30.0,jeremy-chardy,ca12,-6
77,78,19.0,frances-tiafoe,td51,19
78,79,38.0,ivo-karlovic,k336,-60
79,80,29.0,matthew-ebden,e690,568
80,81,26.0,pierre-hugues-herbert,h996,20
81,82,27.0,cedrik-marcel-stebe,sk94,323
82,83,37.0,victor-estrella%20burgos,e224,13
83,84,35.0,mikhail-youzhny,y061,7
84,85,25.0,marton-fucsovics,f724,74
85,86,26.0,tennys-sandgren,sl08,108
86,87,33.0,andreas-seppi,sa93,-19
87,88,28.0,radu-albot,a829,7
88,89,19.0,stefanos-tsitsipas,te51,107
89,90,22.0,laslo-djere,db63,90
90,91,32.0,gilles-simon,sd32,-67
91,92,22.0,maximilian-marterer,mn13,76
92,93,30.0,lukas-lacko,l797,15
93,94,27.0,marius-copil,ca99,35
94,95,23.0,jordan-thompson,tc61,-30
95,96,25.0,nicolas-kicker,kc29,22
96,97,33.0,malek-jaziri,j267,-46
97,98,24.0,taro-daniel,da81,16
98,99,22.0,nicolas-jarry,j551,213
99,100,27.0,gerald-melzer,mi43,9
100,101,33.0,rogerio-dutra%20silva,sc73,-11
101,102,30.0,blaz-kavcic,k834,69
102,103,32.0,marcos-baghdatis,b837,-69
103,104,35.0,nicolas-mahut,m873,-62
104,105,20.0,taylor-fritz,fb98,-7
105,106,33.0,janko-tipsarevic,t742,-1
106,107,24.0,roberto-carballes%20baena,cf59,38
107,108,26.0,andrey-kuznetsov,kb54,-53
108,109,27.0,vasek-pospisil,pd07,24
109,110,25.0,marco-cecchinato,cf01,80
110,111,24.0,bjorn-fratangelo,f811,2
111,112,22.0,cameron-norrie,n771,125
112,113,29.0,thomaz-bellucci,bd20,-46
113,114,26.0,gastao-elias,e698,-38
114,115,20.0,alexander-bublik,bk92,52
115,116,31.0,sergiy-stakhovsky,sc77,-5
116,117,25.0,henri-laaksonen,l949,10
117,118,29.0,ruben-bemelmans,be54,23
118,119,26.0,yannick-hanfmann,h997,233
119,120,21.0,ernesto-escobedo,e873,0
120,121,27.0,jerzy-janowicz,j397,152
121,122,25.0,yuki-bhambri,bf55,246
122,123,32.0,dustin-brown,ba65,-59
123,124,29.0,pedro-sousa,s483,68
124,125,34.0,carlos-berlocq,b884,-44
125,126,32.0,adrian-menendez-maceiras,mb53,107
126,127,21.0,matteo-berrettini,bk40,304
127,128,23.0,thiago-monteiro,mj08,-42
128,129,21.0,quentin-halys,hb64,41
129,130,29.0,tim-smyczek,sf62,22
130,131,24.0,oscar-otte,o449,349
131,132,21.0,sebastian-ofner,o513,160
132,133,25.0,stefano-travaglia,ta12,194
133,134,27.0,norbert-gombos,gb93,2
134,135,27.0,daniel-evans,e687,-90
135,136,22.0,yoshihito-nishioka,n732,-51
136,137,19.0,stefan-kozlov,ke64,-15
137,138,25.0,egor-gerasimov,gc89,203
138,139,23.0,ramkumar-ramanathan,rb56,137
139,140,29.0,peter-polansky,pb22,-12
140,141,27.0,ricardas-berankis,be90,-39
141,142,18.0,casper-ruud,rh16,75
142,143,25.0,bernard-tomic,ta46,-111
143,144,28.0,martin-klizan,k966,-108
144,145,20.0,akira-santillan,sq80,62
145,146,25.0,renzo-olivo,o376,-58
146,147,21.0,elias-ymer,y218,9
147,148,28.0,yannick-maden,mh16,106
148,149,26.0,mirza-basic,be67,63
149,150,32.0,nicolas-almagro,a479,-104
150,151,20.0,tommy-paul,pl56,167
151,152,22.0,calvin-hemery%20,hb48,143
152,153,22.0,nikola-milojevic,mm66,48
153,154,27.0,alessandro-giannessi,g983,-30
154,155,18.0,corentin-moutet,mw02,343
155,156,29.0,gleb-sakharov,sj22,131
156,157,35.0,tommy-robredo,r419,393
157,158,30.0,kenny-de%20schepper,d750,-3
158,159,17.0,felix-auger-aliassime,ag37,404
159,160,28.0,andrej-martin,mf35,-25
160,161,23.0,mathias-bourgue,bk19,12
161,162,29.0,jurgen-zopp,z254,155
162,163,25.0,jozef-kovalik,kc04,-48
163,164,29.0,tatsuma-ito,i230,20
164,165,28.0,john-millman,mh30,-59
165,166,33.0,go-soeda,sc47,-28
166,167,28.0,attila-balazs,bd80,117
167,168,24.0,joao-domingues,d985,148
168,169,23.0,liam-broady,bi23,131
169,170,19.0,soonwoo-kwon,kf17,138
170,171,27.0,uladzimir-ignatik,i236,-21
171,172,32.0,luca-vanni,v495,-23
172,173,32.0,simone-bolelli,ba98,488
173,174,29.0,aldin-setkic,sf41,74
174,175,25.0,darian-king,kc86,-33
175,176,25.0,denis-kudla,kb09,-42
176,177,19.0,michael-mmoh,mp01,16
177,178,22.0,mackenzie-mcdonald,mk66,99
178,179,31.0,marcel-granollers,g710,-140
179,180,27.0,marcelo-arevalo,a853,1
180,181,25.0,arthur-de%20greef,d981,-38
181,182,24.0,ricardo-ojeda%20lara,o408,86
182,183,20.0,carlos-taberner,te16,131
183,184,30.0,matthias-bachinger,bc65,252
184,185,27.0,facundo-bagnis,bf23,-106
185,186,25.0,alexey-vatutin,v717,108
186,187,23.0,filip-peliwo,pf65,307
187,188,23.0,mitchell-krueger,kc12,26
188,189,36.0,jurgen-melzer,m762,69
189,190,21.0,benjamin-bonzi,bm95,163
190,191,31.0,vincent-millot,me31,-51
191,192,24.0,alex-bolt,bi81,335
192,193,27.0,viktor-galovic,gb61,403
193,194,27.0,ze-zhang,z272,5
194,195,26.0,guido-andreozzi,a887,-76
195,196,21.0,dmitry-popko,pg20,23
196,197,25.0,evan-king,kb37,143
197,198,22.0,brayden-schnur,sp24,225
198,199,30.0,illya-marchenko,me89,-106
199,200,21.0,kamil-majchrzak,mq75,59
200,201,29.0,ernests-gulbis,g858,-48
201,202,26.0,kevin-king,kb14,651
202,203,21.0,noah-rubin,rc96,-1
203,204,23.0,adam-pavlasek,pg32,-121
204,205,32.0,lukas-rosol,r685,-61
205,206,24.0,salvatore-caruso,ce25,41
206,207,23.0,vaclav-safranek,sn77,50
207,208,27.0,blaz-rola,ra51,52
208,209,18.0,miomir-kecmanovic,ki95,453
209,210,18.0,alex-de%20minaur,dh58,40
210,211,21.0,thanasi-kokkinakis,kd46,0
211,212,22.0,goncalo-oliveira,o482,214
212,213,22.0,stefano-napolitano,n679,-41
213,214,27.0,bradley-klahn,ka98,553
214,215,23.0,pedja-krstin,kd70,-4
215,216,19.0,duckhee-lee,le01,-77
216,217,22.0,lorenzo-sonego,su87,90
217,218,27.0,mohamed-safwat,sk47,-18
218,219,28.0,john-patrick-smith,sj55,3
219,220,27.0,marco-trungelliti,ta29,-56
220,221,25.0,yasutaka-uchiyama,u134,9
221,222,24.0,guilherme-clezar,cc32,59
222,223,24.0,dennis-novak,db59,55
223,224,29.0,santiago-giraldo,g725,-121
224,225,29.0,andrea-arnaboldi,a622,40
225,226,20.0,reilly-opelka,o522,-39
226,227,23.0,ilya-ivashka,i305,-52
227,228,20.0,jaume-munar,mu94,51
228,229,21.0,zdenek-kolar,kh56,10
229,230,24.0,dennis-novikov,n674,-51
230,231,37.0,stephane-robert,r612,-169
231,232,21.0,tallon-griekspoor,gj37,92
232,233,31.0,tobias-kamke,k839,-107
233,234,30.0,aleksandr-nedovyesov,n503,-57
234,235,24.0,hugo-dellien,da31,508
235,236,32.0,teymuraz-gabashvili,g681,-75
236,237,20.0,hubert-hurkacz,hb71,142
237,238,28.0,jason-jung,j380,-72
238,239,23.0,joao-monteiro,mm60,348
239,240,23.0,christian-harrison,hb05,234
240,241,17.0,nicola-kuhn,ki74,538
241,242,19.0,daniel-altmaier,ae14,92
242,243,26.0,di-wu,w571,-45
243,244,26.0,karim-mohamed-maamoun%20,mj70,92
244,245,30.0,sam-groth,g940,-63
245,246,35.0,paul-henri-mathieu,m850,-176
246,247,27.0,tomislav-brkic,be68,171
247,248,39.0,tommy-haas,h355,780
248,249,25.0,danilo-petrovic,pe02,122
249,250,25.0,federico-gaio,gb53,-72
250,251,29.0,joao-souza,sg64,-126
251,252,28.0,prajnesh-gunneswaran,ga94,63
252,253,25.0,javier-marti,mi08,557
253,254,26.0,lorenzo-giustino,ga79,-34
254,255,27.0,alexander-sarkissian,sl07,-40
255,256,23.0,julien-cagnina,cg32,320
256,257,34.0,david-guez,g753,198
257,258,20.0,pedro-martinez,mo44,44
258,259,25.0,andrea-collarini,cc66,115
259,260,23.0,marek-jaloviec,j493,49
260,261,22.0,matteo-donati,da67,-45
261,262,23.0,kimmer-coppejans,cg33,-76
262,263,19.0,max-purcell,ph71,79
263,264,27.0,dayne-kelly,ka22,151
264,265,20.0,yusuke-takahashi,tf58,155
265,266,31.0,zhe-li,l733,-23
266,267,20.0,lloyd-harris,hg86,21
267,268,32.0,konstantin-kravchuk,k776,-181
268,269,27.0,austin-krajicek,ka00,52
269,270,25.0,mats-moraing,mj71,213
270,271,26.0,laurynas-grigelis,ga71,-4
271,272,22.0,cem-ilkel,i306,82
272,273,20.0,omar-jasika,j553,88
273,274,23.0,dominik-koepfer,ke73,241
274,275,28.0,michael-linzer,l941,29
275,276,24.0,joris-de%20loore,da86,-85
276,277,25.0,facundo-arguello,a941,280
277,278,21.0,blake-mott,mm79,-27
278,279,19.0,jay-clarke,ci14,226
279,280,25.0,federico-coria,ce77,-31
280,281,20.0,edan-leshem,ld26,120
281,282,27.0,brydan-klein,k964,1
282,283,30.0,matteo-viola,v490,108
283,284,27.0,jeremy-jahn,j400,-87
284,285,35.0,daniel-munoz%20de%20la%20nava,m915,236
285,286,21.0,daniel%20elahi-galan,ge33,101
286,287,24.0,marcos-giron,gc88,179
287,288,21.0,jan-choinski,ch12,321
288,289,19.0,geoffrey-blancaneaux,bu54,313
289,290,24.0,andrew-whittington,w630,-121
290,291,22.0,pedro-cachin,cg04,245
291,292,19.0,youssef-hossam,hd67,508
292,293,25.0,roberto-quiroz,q941,-4
293,294,20.0,bernabe-zapata%20miralles,z419,104
294,295,26.0,tsung-hua-yang,t982,575
295,296,30.0,yannick-mertens,mg08,-50
296,297,26.0,steven-diez,d916,-132
297,298,31.0,ivan-nedelko,n561,53
298,299,21.0,christian-garin,gd64,-110
299,300,25.0,maverick-banes,bh87,135
300,301,18.0,yibing-wu,wb32,628
301,302,22.0,antoine-hoang,ha71,165
302,303,28.0,ante-pavic,pc78,183
303,304,30.0,rubin-statham,sf89,113
304,305,30.0,marsel-ilhan,k771,-67
305,306,20.0,nino-serdarusic,sp80,167
306,307,30.0,franko-skugor,sf76,-84
307,308,24.0,tristan-lamasine,lc11,-98
308,309,26.0,roberto-ortega-olmedo,o340,50
309,310,20.0,alexandre-muller,mp20,20
310,311,30.0,daniel-brands,bc72,-105
311,312,24.0,filip-horansky,ha28,104
312,313,21.0,bradley-mousley,mn44,177
313,314,27.0,markus-eriksson,e688,147
314,315,22.0,frederico-ferreira%20silva,sn54,48
315,316,21.0,ivan-gakhov,ge28,141
316,317,34.0,ti-chen,c813,-55
317,318,24.0,joao%20pedro-sorgi,sk69,29
318,319,23.0,hernan-casanova,cg07,168
319,320,27.0,inigo-cervantes,ca33,-213
320,321,20.0,sumit-nagal,n897,37
321,322,20.0,marc-polmans,pg94,-98
322,323,26.0,alessandro-bega,bf98,-13
323,324,25.0,sebastian-fanselow,f664,171
324,325,23.0,daniel-masur,mn20,-104
325,326,21.0,lucas-miedler,mo55,70
326,327,21.0,gianluigi-quinzi,q948,-29
327,328,32.0,ivan-dodig,d646,-170
328,329,26.0,enrique-lopez-perez,la93,-166
329,330,30.0,tim-puetz,pc68,351
330,331,27.0,daniel-nguyen,n555,-3
331,332,25.0,raymond-sarmiento,sl09,33
332,333,26.0,axel-michon,mi11,-4
333,334,24.0,jason-kubler,kb95,722
334,335,21.0,zhizhen-zhang,z371,505
335,336,26.0,riccardo-bellotti,bh76,-109
336,337,24.0,andrea-basso,bh80,235
337,338,26.0,christian-lindell,la94,62
338,339,21.0,christopher-eubanks,e865,306
339,340,25.0,constant-lestienne,lb66,-166
340,341,23.0,christopher-o'connell,o483,-109
341,342,29.0,miljan-zekic,z246,-133
342,343,27.0,jan-satral,sk67,-186
343,344,26.0,marc-giner,gb71,44
344,345,33.0,rajeev-ram,r548,-208
345,346,38.0,radek-stepanek,s694,-242
346,347,22.0,maxime-hamou,hb35,-44
347,348,27.0,jose-hernandez-fernandez,h896,-85
348,349,23.0,evgeny-karlovskiy,kd87,90
349,350,27.0,hiroki-moriya,mi01,-174
350,351,24.0,christopher-heyman,hb67,25
351,352,19.0,yosuke-watanuki,wb08,243
352,353,25.0,facundo-mena,mj98,44
353,354,29.0,daniel-dutra%20da%20silva,sg56,79
354,355,27.0,n.sriram-balaji,n558,47
355,356,24.0,carlos-boluda-purkiss,bg72,275
356,357,29.0,edward-corrie,ca71,-88
357,358,28.0,petr-michnev,mi33,-67
358,359,27.0,alexandar-lazov,l950,14
359,360,23.0,kaichi-uchida,u120,81
360,361,33.0,frank-dancevic,d499,-119
361,362,30.0,yannick-jankovits,j347,-39
362,363,32.0,daniel-gimeno-traver,g676,-247
363,364,30.0,james-mcgee,mg47,-156
364,365,26.0,shuichi-sekiguchi,sl92,-60
365,366,28.0,dzmitry-zhyrmont,z248,-23
366,367,29.0,thiemo-de%20bakker,d776,-56
367,368,28.0,alejandro-gonzalez,g892,-137
368,369,24.0,juan%20ignacio-londero,lb84,-23
369,370,19.0,ugo-humbert,hh26,779
370,371,27.0,alexander-ward,w579,28
371,372,26.0,nicolaas-scholtz,sk41,145
372,373,20.0,juan%20pablo-ficovich,fa43,231
373,374,26.0,hiroyasu-ehara,e757,458
374,375,24.0,shintaro-imai,i330,65
375,376,25.0,sam-barry,bh22,-90
376,377,24.0,bruno-santanna,sn44,33
377,378,27.0,yannick-vandenbulcke,v664,313
378,379,23.0,jared-hiltzik,hb41,173
379,380,20.0,sora-fukuda,f965,369
380,381,24.0,dimitar-kuzmanov,kc33,65
381,382,20.0,andrea-pellegrino,ph64,90
382,383,21.0,maxime-janvier,j620,-111
383,384,23.0,sanjar-fayziev,f786,-17
384,385,26.0,scott-griekspoor,gc54,99
385,386,25.0,albano-olivetti,o411,-55
386,387,28.0,gerard-granollers,g922,166
387,388,20.0,lenny-hampel,hc99,77
388,389,34.0,maximo-gonzalez,g585,-241
389,390,27.0,carlos-gomez-herrera,g985,226
390,391,25.0,martin-cuevas,cc98,223
391,392,24.0,vladyslav-manafov,mm54,-30
392,393,22.0,enzo-couacaud,cg94,19
393,394,29.0,marc-sieber,sh37,-138
394,395,27.0,adelchi-virgili,v555,161
395,396,22.0,fabien-reboul,re45,122
396,397,28.0,sergio-gutierrez-ferrol,g935,0
397,398,23.0,juan%20ignacio-galarza,gd91,84
398,399,28.0,patricio-heras,h924,305
399,400,21.0,lucas-catarina,cn78,485
400,401,34.0,alejandro-falla,f444,-119
401,402,36.0,marco-chiudinelli,c582,-256
402,403,22.0,mario-vilella%20martinez,v824,-9
403,404,29.0,kento-takeuchi,t885,136
404,405,26.0,maximilian-neuchrist,n663,24
405,406,19.0,elliot-benchetrit,bt68,851
406,407,32.0,marinko-matosevic,me05,-179
407,408,21.0,david-pichler,pi95,202
408,409,20.0,viktor-durasovic,dc76,221
409,410,23.0,eduard-esteve%20lobato,e830,408
410,411,22.0,botic-van%20de%20zandschulp,v812,-16
411,412,21.0,hugo-grenier,gf95,84
412,413,24.0,lloyd-glasspool,gd08,-49
413,414,22.0,juan%20pablo-paz,pg69,-58
414,415,22.0,jc-aragone,ab71,362
415,416,19.0,mikael-ymer,y268,77
416,417,22.0,gianluca-mager,ml57,-79
417,418,22.0,pol-toledo%20bague,tc09,31
418,419,21.0,clement-geens,gf08,-122
419,420,25.0,antoine-escoffier,e768,81
420,421,27.0,dennis-nevolo,n563,37
421,422,24.0,yaraslav-shyla,sk97,28
422,423,25.0,gianni-mina,mj89,-84
423,424,19.0,liam-caruana,co06,874
424,425,27.0,sadio-doumbia,d917,-164
425,426,28.0,michal-konecny,k906,-66
426,427,39.0,ruben-ramirez%20hidalgo,r383,-273
427,428,27.0,cristian-rodriguez,r913,151
428,429,20.0,sasi%20kumar-mukund,mp13,85
429,430,21.0,filippo-baldi,bm03,286
430,431,32.0,boy-westerhof,w483,215
431,432,24.0,gonzalo-lama,lb07,-191
432,433,23.0,marko-tepavac,tc11,-229
433,434,24.0,mate-delic,da89,198
434,435,26.0,sekou-bangoura,bh02,-155
435,436,24.0,riccardo-bonadio,bi47,64
436,437,21.0,thomas-brechemier,bm17,237
437,438,27.0,takanyi-garanganga,ga48,54
438,439,22.0,juan%20pablo-varillas,v836,194
439,440,22.0,pablo-vivero%20gonzalez,v886,-62
440,441,25.0,fabrizio-ornago,o423,238
441,442,24.0,robin-kern,kb43,135
442,443,26.0,yannik-reuter,ra82,-225
443,444,29.0,alexis-musialek,mi69,126
444,445,26.0,samuel-bensoussan,bl82,289
445,446,29.0,guillermo-olaso,o327,0
446,447,23.0,pawel-cias,cf60,133
447,448,20.0,jules-okala,o635,135
448,449,21.0,altug-celikbilek,ch05,83
449,450,30.0,andreas-haider-maurer,h804,0
450,451,24.0,oriol-roca%20batalla,rb60,-125
451,452,23.0,baptiste-crepatte,cm79,332
452,453,24.0,benjamin-lock,lc54,58
453,454,18.0,alejandro-davidovich%20fokina,dh50,404
454,455,28.0,yan-bai,be69,134
455,456,24.0,pedro-sakamoto,sl94,93
456,457,28.0,lorenzo-frigerio,f774,6
457,458,26.0,alessandro-petrone,pc63,293
458,459,27.0,nils-langer,l908,-174
459,460,21.0,mariano-kestelboim,ke69,10
460,461,24.0,maxime-chazal,cd00,-111
461,462,25.0,agustin-velotti,v620,-279
462,463,25.0,dragos-dima,da13,-164
463,464,35.0,jan-mertl,ma38,-81
464,465,33.0,michal-przysiezny,p701,-59
465,466,20.0,evgeny-tyurnev,td47,-14
466,467,23.0,ryan-shane,sq48,101
467,468,25.0,gregoire-jacq,j557,-120
468,469,20.0,corentin-denolly,df92,28
469,470,30.0,takuto-niki,n598,-115
470,471,28.0,gonzalo-escobar,e661,37
471,472,29.0,ivan-endara,e701,7
472,473,28.0,pascal-brunner,bf12,198
473,474,23.0,david-perez%20sanz,pf36,-149
474,475,25.0,chuhan-wang,w614,148
475,476,28.0,maxime-tabatruong,tb20,256
476,477,25.0,tom-farquharson,f751,650
477,478,27.0,jonathan-eysseric,e678,-234
478,479,22.0,wishaya-trongcharoenchaikul,tb70,294
479,480,23.0,tomas-papik,pf50,-21
480,481,34.0,dmitry-tursunov,t315,-78
481,482,21.0,aleksandar-vukic,v832,266
482,483,27.0,remi-boutillier,bm43,-108
483,484,30.0,niels-desein,d752,78
484,485,27.0,peter-kobelt,kc51,-34
485,486,32.0,fred-gil,g717,-62
486,487,26.0,marco-bortolotti,bh08,-10
487,488,24.0,edoardo-eremin,e766,-144
488,489,24.0,andres-artunedo%20martinavarro,ab17,-29
489,490,24.0,tomas-lipovsek%20puches,lc58,-168
490,491,21.0,fajing-sun,sx90,117
491,492,27.0,jordi-samper-montana,sh91,-267
492,493,18.0,jurij-rodionov,r09x,495
493,494,23.0,andrew-harris,hb29,627
494,495,21.0,johan-tatlot,tc95,262
495,496,19.0,alex-molcan,mv14,171
496,497,23.0,laurent-lokoli,lc12,-191
497,498,19.0,genaro%20alberto-olivieri,o660,454
498,499,22.0,adrian-bodmer,bk12,512
499,500,24.0,elmar-ejupovic,e811,170
500,501,32.0,adrian-ungur,u061,-188
501,502,27.0,cheong-eui-kim,k863,-49
502,503,24.0,felipe-mantilla,mj88,380
503,504,22.0,igor-smilansky,so49,894
504,505,20.0,vit-kopriva,ki82,-14
505,506,25.0,thomas-statzberger,sq32,380
506,507,27.0,marcus-willis,w521,-64
507,508,22.0,jonathan-mridha,mm78,392
508,509,30.0,vishnu-vardhan,v505,-79
509,510,25.0,peter-nagy,n729,-97
510,511,24.0,jonas-merckx,ml91,67
511,512,24.0,franco-agamenone,aa27,-44
512,513,21.0,cristian-carli,cg64,356
513,514,23.0,samuel-monette,mm10,1258
514,515,29.0,artem-smirnov,sh77,105
515,516,36.0,benjamin-becker,b896,-393
516,517,24.0,julian-lenz,lb51,242
517,518,23.0,luke-saville,sm09,-266
518,519,21.0,gijs-brouwer,bo10,245
519,520,24.0,moez-echargui,ea13,325
520,521,19.0,yunseong-chung,ch90,43
521,522,20.0,nam%20hoang-ly,ld22,113
522,523,32.0,lamine-ouahab,o207,-153
523,524,24.0,sidharth-rawat,rb86,94
524,525,30.0,adrien-bossel,bf27,-40
525,526,19.0,lukas-klein,ki63,587
526,527,21.0,harry-bourchier,bj05,344
527,528,19.0,pavel-kotov,k09f,427
528,529,24.0,mick-lescure,lb76,97
529,530,20.0,miguel-semmler,sq97,114
530,531,26.0,marvin-netuschil,n661,-165
531,532,21.0,makoto-ochi,o664,-125
532,533,22.0,temur-ismailov,i286,-124
533,534,24.0,denis-yevseyev,y171,212
534,535,24.0,roberto-cid%20subervi,cf88,-28
535,536,19.0,tung-lin-wu,w857,263
536,537,23.0,jonathan-kanar,kd71,157
537,538,22.0,thai-son-kwiatkowski,kd35,29
538,539,20.0,joao-menezes,mn70,208
539,540,30.0,igor-sijsling,sf36,-352
540,541,23.0,romain-barbosa,bl05,-60
541,542,26.0,ljubomir-celebic,ce60,31
542,543,21.0,mor-bulis,bl60,377
543,544,23.0,danylo-kalenichenko,ke05,53
544,545,26.0,tobias-simon,sk51,2
545,546,24.0,denys-mylokostov,mm56,-36
546,547,24.0,pascal-meis,mi74,72
547,548,23.0,davide-galoppini,gf20,106
548,549,24.0,pietro-rondoni,rb73,442
549,550,22.0,alexander-vasilenko,v850,92
550,551,21.0,naoki-nakagawa,n707,178
551,552,22.0,andrea-vavassori,va08,41
552,553,29.0,nicolas-santos,sg29,-29
553,554,22.0,robin-stanek,so86,-76
554,555,30.0,denys-molchanov,mf71,142
555,556,26.0,maciej-rajski,ra43,383
556,557,29.0,federico-zeballos,z239,-48
557,558,23.0,matias%20franco-descotte,db93,228
558,559,20.0,nuno-borges,bt72,733
559,560,22.0,luke-bambridge,bk05,57
560,561,28.0,eric-quigley,q945,-142
561,562,27.0,finn-tearney,ta04,-148
562,563,23.0,jeroen-vanneste,v762,278
563,564,29.0,peter-torebko,t911,-108
564,565,21.0,gianluca-di%20nicola,da85,119
565,566,22.0,jelle-sels,so20,119
566,567,20.0,patrik-nema,n982,313
567,568,23.0,niels-lootsma,le38,-130
568,569,25.0,matthew-barton,bh98,-374
569,570,31.0,grega-zemlja,z189,-419
570,571,20.0,roman-safiullin,sx50,-234
571,572,25.0,omar-giacalone,gb94,-18
572,573,23.0,nicholas%20s.-hu,hh48,439
573,574,25.0,colin-van%20beem,v750,248
574,575,25.0,kevin-krawietz,kb92,-274
575,576,23.0,leny-mitjana,mr99,251
576,577,22.0,jacob-grills,ge73,456
577,578,23.0,ronnie-schneider,sr79,0
578,579,32.0,alexander-kudryavtsev,k596,-376
579,580,23.0,martins-podzus,pg04,280
580,581,23.0,david-vega%20hernandez,v758,177
581,582,27.0,tomislav-jotovski,j378,192
582,583,30.0,andrey-golubev,g806,-348
583,584,29.0,yann-marti,mg54,-252
584,585,25.0,juan%20sebastian-gomez,gb41,-55
585,586,24.0,hong-chung,cf07,43
586,587,35.0,andre-ghem,g602,-374
587,588,31.0,n%20vijay%20sundar-prashanth,pa97,0
588,589,19.0,ulises-blanch,bv27,814
589,590,19.0,evan-furness,fc26,304
590,591,30.0,vladimir-ivanov,i067,-149
591,592,23.0,alexios-halebian,ha47,60
592,593,25.0,sami-reinwein,ra62,-11
593,594,23.0,pietro-licciardi,ld05,245
594,595,24.0,oscar%20jose-gutierrez,gc17,46
595,596,25.0,evan-song,sp05,-5
596,597,27.0,karunuday-singh,sk02,662
597,598,19.0,orlando-luz,lf26,-57
598,599,30.0,maxime-authom,a789,-328
599,600,17.0,rudolf-molleker,m0ac,439
600,601,27.0,yan-sabanin,sk53,307
601,602,20.0,ben-patael,fb18,23
602,603,20.0,alex-rybakov,rg42,329
603,604,20.0,nicolae-frunza,f952,-23
604,605,23.0,yecong-he,hb59,23
605,606,19.0,renta-tokuda,td55,117
606,607,19.0,william-blumberg,bt45,0
607,608,21.0,deiton-baughman,bm19,218
608,609,28.0,sho-katayama,k907,66
609,610,28.0,andriej-kapas,k909,-134
610,611,26.0,nikola-cacic,cc54,-82
611,612,21.0,matias-zukas,z366,-106
612,613,27.0,gibril-diarra,d935,9
613,614,20.0,raul-brancaccio,bv24,141
614,615,30.0,saketh-myneni,me64,-410
615,616,25.0,gavin-van%20peperzeel,v784,-154
616,617,21.0,kuan-yi-lee,lh70,-170
617,618,19.0,jurabek-karimov,kg72,143
618,619,23.0,xin-gao,g820,-131
619,620,25.0,alexander-zhurbin,z301,-26
620,621,23.0,gregoire-barrere,bk24,-381
621,622,26.0,alejandro-gomez,gb42,-238
622,623,21.0,rafael-matos,mo41,336
623,624,25.0,emilio-gomez,ga36,-331
624,625,27.0,christopher-diaz-figueroa,d868,52
625,626,18.0,zsombor-piros,p09o,938
626,627,22.0,benjamin-hassan,hg94,685
627,628,26.0,manuel-sanchez,si82,162
628,629,31.0,caio-zampieri,z198,-365
629,630,23.0,ronald-slobodchikov,so96,323
630,631,28.0,roberto-marcora,mj01,24
631,632,27.0,laslo-urrutia%20fuentes,u113,-21
632,633,27.0,vasile-antonescu,a943,79
633,634,24.0,dekel-bar,bk52,217
634,635,27.0,george-von%20massow,v691,214
635,636,27.0,francesco-vilardo,v656,-65
636,637,17.0,thiago-seyboth%20wild,sx91,0
637,638,26.0,hugo-nys,n670,-266
638,639,19.0,matthias-haim,hd64,1015
639,640,21.0,franco%20emanuel-egea,e858,112
640,641,22.0,peter-bothwell,bp29,165
641,642,21.0,ilya-vasilyev,v883,-4
642,643,26.0,eduardo-struvay,si36,-347
643,644,27.0,jonas-luetjen,l993,-180
644,645,25.0,nathan-pasha,pe00,170
645,646,28.0,fernando-romboli,r960,-102
646,647,20.0,jonathan-gray,gk30,716
647,648,22.0,marek-gengel,g09c,224
648,649,21.0,bastian-malla,mm24,-228
649,650,24.0,dante-gennaro,gd61,468
650,651,21.0,paul-woerner,w725,289
651,652,25.0,alexander-igoshin,i295,-150
652,653,22.0,billy-harris,hd68,416
653,654,21.0,olexiy-kolisnyk,kh75,508
654,655,19.0,yuki-mochizuki,m0b2,521
655,656,29.0,kristijan-mesaros,mf90,-411
656,657,22.0,cheng-yu-yu,y211,-56
657,658,32.0,walter-trusendi,t868,-281
658,659,20.0,milan-drinic,dg67,178
659,660,19.0,javier-barranco%20cosano,bv25,492
660,661,18.0,jeffrey%20john-wolf,w09g,0
661,662,22.0,gustav-hansson,hb55,992
662,663,22.0,young%20seok-kim,kf15,23
663,664,22.0,juan%20manuel-benitez%20chavarriaga,bj70,26
664,665,23.0,andre-gaspar%20murta,gd84,-107
665,666,19.0,louis-wessels,wb25,-132
666,667,27.0,cristobal-saavedra-corvalan,sj25,-81
667,668,22.0,haadin%20salim-bava,bk35,446
668,669,20.0,alejandro-tabilo,te30,-62
669,670,25.0,yanais-laurent,lc18,487
670,671,28.0,anis-ghorbel,g909,12
671,672,18.0,patrick-kypson,k0a3,284
672,673,18.0,blake-ellis,ea27,871
673,674,29.0,miliaan-niesten,n607,-99
674,675,23.0,marat-deviatiarov,db64,-48
675,676,19.0,raphael-baltensperger,bt64,258
676,677,26.0,florent-diep,da59,228
677,678,24.0,shane-vinsant,v645,279
678,679,23.0,markos-kalovelonis,kd48,-166
679,680,28.0,fabiano-de%20paula,d815,47
680,681,18.0,marvin-moeller,m0bn,710
681,682,19.0,borna-gojo,gh92,42
682,683,36.0,jaroslav-pospisil,p605,-297
683,684,19.0,ryan%20james-storrie,sy31,0
684,685,31.0,yuya-kibi,ka46,-459
685,686,27.0,anil-yuksel,y152,-140
686,687,29.0,filippo-leonardi,l899,159
687,688,23.0,david-jorda%20sanchis,j476,356
688,689,21.0,david-poljak,ph77,-9
689,690,23.0,henry-craig,ch52,675
690,691,25.0,richard-gabb,gc36,-25
691,692,22.0,fred-simonsson,sp25,58
692,693,19.0,riccardo-balzerani,bv17,493
693,694,19.0,aryan-goveas,gk25,298
694,695,26.0,wilson-leite,la54,193
695,696,24.0,lukas-ollert,o452,86
696,697,24.0,oliver-golding,gc38,0
697,698,28.0,wil-spencer,si72,-160
698,699,26.0,juan-lizariturry,l996,178
699,700,25.0,daniiar-duldaev,d939,1331
700,701,21.0,marcelo-zormann,z363,-158
701,702,22.0,antonio-massara,ml48,-169
702,703,21.0,antoine-bellier,bp41,-105
703,704,22.0,jaume-pla%20malfeito,pg13,-156
704,705,28.0,harri-heliovaara,h808,0
705,706,33.0,marcel-felder,f392,539
706,707,18.0,alexei-popyrin,p09z,437
707,708,34.0,frederik-nielsen,n390,-300
708,709,19.0,gian%20marco-moroni,mp83,107
709,710,27.0,claudio-fortuna,f747,-241
710,711,21.0,roman-khassanov,hb24,450
711,712,19.0,kristian-lozan,lh51,339
712,713,21.0,dominik-boehler,bt42,26
713,713,23.0,nerman-fatic,f840,-55
714,715,24.0,christian-hirschmueller,hb04,123
715,716,27.0,neil-pauffley,pc33,-92
716,717,24.0,yurii-dzhavakian,db32,216
717,718,27.0,erik-crepaldi,ca62,-284
718,719,28.0,ruan-roelofse,ra24,935
719,720,22.0,martin-redlicki,rc93,403
720,721,20.0,amine-ahouda,af32,140
721,722,19.0,marcelo%20tomas-barrios%20vera,bs86,-268
722,723,20.0,alexandar-lazarov,li39,-123
723,724,28.0,adam-el%20mihdawy,e720,-404
724,725,20.0,julian-ocleppo,o507,1
725,726,20.0,michal-dembek,dg65,180
726,727,24.0,hunter-callahan,cg63,175
727,728,26.0,masato-shiga,sl81,-183
728,729,23.0,christoph-negritu,n731,-51
729,730,24.0,karue-sell,sm88,924
730,731,29.0,reda-el%20amrani,e655,-49
731,732,23.0,mikael-torpegaard,tc12,-387
732,733,25.0,luca-margaroli,mj69,39
733,734,19.0,michiel-de%20krom,dh55,585
734,735,20.0,jumpei-yamasaki,y235,-150
735,736,21.0,jacopo-stefanini,su06,-83
736,737,22.0,manuel-guinard,gh33,284
737,738,29.0,volodoymyr-uzhylovskyi,u107,96
738,739,24.0,benjamin-mitchell,mk40,-216
739,740,34.0,carlos-salamanca,sb28,854
740,741,22.0,or-ram-harel,rc24,1124
741,742,33.0,adam-chadaj,c660,769
742,743,23.0,vitaly-kozyukov,ke19,-151
743,744,24.0,jea%20moon-lee,lb78,148
744,745,29.0,philip-bester,bc68,-410
745,746,21.0,artur-shakhnubaryan,sr69,491
746,747,20.0,jordan-correia,cn08,212
747,748,21.0,marc-andrea-huesler,hh06,268
748,749,20.0,kirill-kivattsev,ki71,319
749,750,25.0,cameron-silverman,st29,85
750,751,18.0,santiago%20fa-rodriguez%20taverna,rh59,249
751,752,27.0,jorge-montero,mi52,43
752,753,28.0,issam%20haitham-taweel,tc00,45
753,754,33.0,andre-begemann,ba79,0
754,755,29.0,stephan-fransen,f663,0
755,756,24.0,aslan-karatsev,kc56,-501
756,757,22.0,kaito-uesugi,u174,368
757,758,23.0,arjun-kadhe,kd43,1107
758,759,19.0,jaime-fermosell%20delgado,fa33,463
759,760,29.0,pere-riba,r750,-486
760,761,21.0,collin-altamirano,ac84,50
761,762,25.0,tae-woo-lee,lh85,1010
762,763,20.0,carl-soderlund,sx81,-374
763,764,30.0,anton-zaitcev,z349,-209
764,765,28.0,mauricio-echazu,e702,79
765,766,26.0,kevin-griekspoor,gc53,57
766,767,28.0,petru-alexandru-luncanu,l872,-248
767,768,19.0,giovanni-fonio,fc49,0
768,769,20.0,vadym-ursu,u176,-82
769,770,21.0,ken-onishi,o524,38
770,771,21.0,omar-salman,ss61,-251
771,772,26.0,juan%20carlos-saez,sl85,-157
772,773,26.0,jose-pereira,pc09,-167
773,774,22.0,pruchya-isaro,i326,414
774,775,18.0,sam-riffice,r0a5,819
775,776,20.0,seong-chan-hong,hc21,-407
776,777,29.0,julien-dubail,d808,-366
777,778,25.0,shalva-dzhanashia,da30,419
778,779,24.0,maciej-smola,sn94,86
779,780,27.0,mikhail-fufygin,f703,94
780,781,31.0,denis-matsukevich,mc18,12
781,782,20.0,igor-marcondes,rd48,-2
782,783,27.0,oleg-khotkov,kb81,141
783,784,18.0,patrik-rikl,rh13,0
784,785,17.0,yshai-oliel,o674,143
785,786,23.0,jeremy-beale,bu34,73
786,787,22.0,timur-khabibulin,kd32,184
787,788,18.0,camilo-ugo%20carabelli,u182,87
788,789,29.0,julian-onken,o456,-87
789,790,26.0,viktor-filipenko,f849,88
790,791,24.0,duje-kekez,kd14,91
791,792,20.0,domagoj-biljesko,bm45,381
792,793,24.0,sebastien-boltz,bj37,-93
793,794,27.0,yusuke-watanuki,w609,-13
794,795,20.0,aziz-dougaz,df88,17
795,796,21.0,sebastian-prechtel,pl38,256
796,797,20.0,bogdan-borza,bl78,-66
797,798,21.0,dominik-kellovsky,ke36,-286
798,799,24.0,bernardo-saraiva,sp77,64
799,800,22.0,gonzalo-villanueva,v821,-261
800,801,24.0,jose%20fco.-vidal%20azorin,v846,-158
801,802,34.0,giovanni-lapentti,l430,-162
802,803,28.0,nikola-mektic,mf09,-484
803,804,20.0,felipe-martinez%20sarrasague,m09h,764
804,805,27.0,christopher-rungkat,r862,-360
805,806,30.0,antal-van%20der%20duim,v494,-516
806,807,20.0,alvaro-lopez%20san%20martin,lf29,-458
807,808,20.0,zihao-xia,x015,-70
808,809,20.0,alexander-erler,e928,1263
809,810,18.0,benjamin-sigouin,sx96,199
810,811,19.0,petr-nouza,n974,1246
811,812,25.0,patrik-brydolf,bg48,842
812,813,21.0,timur-kiyamov,kf24,653
813,814,19.0,manuel-pena%20lopez,pj32,293
814,815,26.0,ryusei-makiguchi,mf95,-32
815,816,20.0,rigele-te,tg30,-117
816,817,22.0,gabriel-petit,pl78,208
817,818,29.0,dejan-katic,k767,-78
818,819,24.0,ricardo-rodriguez%20-%20pace,rb00,-66
819,820,29.0,nicola-ghedin,g949,-109
820,821,20.0,bogdan-bobrov,bm05,383
821,822,21.0,nicolo-turchetti,tc78,256
822,823,25.0,florian-fallert,f762,27
823,824,21.0,mikhail-korovin,kf31,523
824,825,23.0,sergio-martos%20gornes,ml35,82
825,826,26.0,raleigh-smith,sp18,-41
826,827,22.0,nuno-deus,dc51,94
827,828,36.0,ryan-haviland,h624,-109
828,829,27.0,min-kyu-song,sn70,-124
829,830,21.0,tal-goldengoren,ge00,49
830,831,24.0,nik-razborsek,rb89,-14
831,832,27.0,tom-kocevar-desman,h986,44
832,833,21.0,daniel-appelgren,ad41,71
833,833,28.0,germain-gigounon,gb13,-558
834,835,19.0,rrezart-cungu,c09t,418
835,836,22.0,lucas-gomez,gc87,-271
836,837,20.0,jake-delaney,dc38,11
837,838,28.0,jaime-pulgar-garcia,pd74,1157
838,839,28.0,alessandro-luisi,lc23,137
839,840,32.0,ricardo-hocevar,h693,-280
840,841,36.0,mikhail-elgin,e180,-121
841,842,21.0,tristan-meraut,mn85,0
842,842,30.0,james-ward,w503,-353
843,844,32.0,jimmy-wang,w373,-416
844,845,25.0,victor-baluda,bi53,-224
845,846,17.0,sebastian-korda,k0ah,1019
846,847,19.0,evan-zhu,z09k,136
847,848,19.0,mate-valkusz,va70,139
848,849,27.0,bastian-trinker,t984,-288
849,850,19.0,piotr-matuszewski,m09u,81
850,851,19.0,denis-klok,kg49,577
851,852,22.0,thomas-fancutt,fa50,-184
852,852,22.0,luca-gelhardt,gf36,692
853,854,22.0,albert-alcaraz%20ivorra,ab40,-355
854,855,22.0,ryota-tanuma,tg46,-67
855,856,22.0,muhammet-haylaz,hb28,-90
856,857,26.0,caio-silva,sk48,-101
857,858,25.0,isak-arvidsson,ab12,-289
858,859,22.0,jonny-o'mara,o474,-343
859,860,24.0,luis-patino,pe42,-130
860,861,26.0,tak%20khunn-wang,w597,-413
861,862,29.0,marcin-gawron,g978,-211
862,863,21.0,pierre-faivre,fc36,241
863,864,21.0,maxim-ratniuk,rd67,51
864,865,25.0,matej-sabanov,sl51,191
865,866,22.0,thomas-setodji,sy42,427
866,867,19.0,maxime-pauwels,p09h,408
867,868,23.0,soichiro-moritani,mo12,-74
868,869,21.0,fran%20zvonimir-zgombic,z395,301
869,870,27.0,jui-chen-hung,ha89,75
870,871,20.0,emil-reinberg,rh79,255
871,872,25.0,david-souto,sk06,0
872,873,18.0,artem-dubrivnyy,dg97,369
873,873,22.0,adrian-obert,o484,1158
874,875,18.0,yuta-shimizu,s0aq,897
875,876,20.0,sho-shimabukuro,sy67,498
876,877,23.0,maxime-tchoutakian,tb79,1154
877,878,25.0,james-marsalek,mk08,-150
878,879,30.0,andre-miele,md50,22
879,880,28.0,javier-pulgar-garcia,pe11,39
880,881,23.0,connor-farren,f824,-17
881,882,19.0,cing-yang-meng,mr77,216
882,883,20.0,sarp-agabigun,ad04,195
883,884,22.0,louis-chaix,cn76,310
884,885,23.0,sem-verbeek,v09l,980
885,886,20.0,francesco-ferrari,fb59,161
886,887,20.0,daniel-nolan,n763,-227
887,888,21.0,adrian-andrzejczuk,ab67,79
888,889,19.0,alberto-romero%20de%20avila%20senise,rf12,-200
889,890,22.0,skander-mansouri,ml73,486
890,891,22.0,strong-kirchheimer,kg27,95
891,892,21.0,bogdan%20ionut-apostol,ab90,1193
892,893,25.0,francis%20casey-alcantara,aa19,-20
893,894,20.0,matej-vocel,va22,3
894,895,23.0,juan%20ignacio-ameal,ac56,296
895,896,21.0,johannes-haerteis,hb31,-125
896,897,31.0,yuichi-ito,i183,-194
897,898,20.0,francisco-cabral,cl84,454
898,899,23.0,james-frawley,fc03,398
899,900,24.0,winston-lin,lc88,-167
900,901,25.0,seong-gook-oh,o390,871
901,902,23.0,harrison-adams,ab54,0
902,903,19.0,brandon-holt,h09p,962
903,904,22.0,tom-fawcett,f974,333
904,905,25.0,mikelis-libietis,lb50,-525
905,906,22.0,mazen-osama,o466,0
906,907,23.0,luke-johnson,j543,661
907,908,24.0,lukas-ruepke,rd34,22
908,909,24.0,wilfredo-gonzalez,gd01,110
909,910,25.0,peter-heller,ha33,98
910,911,31.0,sherif-sabry,sg01,-44
911,912,19.0,hong%20kit-wong,wb15,-1
912,913,23.0,vladimir-polyakov,pf03,521
913,914,20.0,jose-olivares,o634,-192
914,915,27.0,peter-goldsteiner,gc99,-111
915,916,23.0,oleksandr-bielinskyi,b09k,-147
916,917,26.0,gabor-borsos,bj92,-108
917,918,28.0,michal-schmid,sj52,-344
918,919,22.0,alon-elia,bk54,56
919,920,27.0,francois-arthur-vibert,v635,-33
920,921,18.0,ryan-nijboer,n0b4,0
921,922,29.0,laurent-rochette,r822,-397
922,923,20.0,alexis-gautier,gj05,171
923,924,20.0,luca-giacomini,gk24,275
924,925,32.0,romain-jouan,j338,-521
925,926,28.0,scott-puodziunas,pe39,175
926,927,18.0,simon-carr,co11,204
927,928,19.0,john-mcnally,mw84,82
928,929,18.0,karl-friberg,f09j,450
929,930,20.0,clement-larriere,lh74,1127
930,931,20.0,facundo-juarez,j737,402
931,932,30.0,sergey-betov,bd82,-333
932,933,19.0,chan-yeong-oh,o527,139
933,934,19.0,filip-duda,d0a3,387
934,935,27.0,dane-propoggia,pc29,0
935,936,25.0,pavel-krainik,kb12,224
936,937,20.0,dragos%20nicolae-madaras,mw54,-261
937,938,20.0,johan-nikles,n830,-246
938,939,25.0,john-lamble,lb20,-132
939,940,28.0,thales-turini,t961,-223
940,941,24.0,mate-pavic,pf00,0
941,942,22.0,jeffrey-schorsch,s0ct,0
942,943,25.0,fernando-bogajo,bi66,0
943,944,26.0,soren-hess-olesen,ha37,0
944,945,26.0,kirill-dmitriev,d960,-237
945,946,28.0,lennert-van%20der%20linden,v682,-404
946,947,22.0,ryan-peniston,ph78,0
947,948,20.0,vitaliy-sachko,ss25,184
948,949,21.0,dmitry-mnushkin,mp56,685
949,950,21.0,mirko-cutuli,ck80,113
950,951,21.0,gabriel-donev,dc83,43
951,951,19.0,chien-hsun-lo,lf59,440
952,953,21.0,aron-hiltzik,hb94,-152
953,954,24.0,eric-johnson,j505,358
954,955,35.0,marc-fornell-mestres,f375,-52
955,956,19.0,felipe-meligeni%20rodrigues%20alves,mw75,1116
956,957,23.0,federico-moreno,mu93,88
957,958,27.0,tim-van%20terheijden,v626,224
958,959,23.0,loic-perret,pg91,40
959,960,29.0,mircea-alexandru-jecan,j468,-94
960,961,21.0,ivan-davydov,dg44,-156
961,962,21.0,julian-cash,ci96,0
962,962,41.0,takao-suzuki,s550,529
963,964,21.0,logan-smith,sy30,690
964,965,23.0,jae%20hwan-kim,kc89,347
965,966,18.0,finn-bass,bu78,0
966,967,19.0,khumoyun-sultanov,sr81,-230
967,968,27.0,ilija-vucic,v624,-261
968,969,26.0,rhyne-williams,w522,-410
969,970,20.0,isaiah-strode,sx77,664
970,971,22.0,jorge-panta,pg56,131
971,972,19.0,kenneth-raisma,rh25,-266
972,973,22.0,michael-geerts,gg65,-389
973,973,27.0,franjo-raspudic,ra52,-38
974,975,22.0,dominic-weidinger,w711,-188
975,976,25.0,michael-zhu,z350,443
976,977,21.0,simone-roncalli,re27,143
977,978,22.0,giorgio-ricca,rd21,-136
978,979,19.0,enrico-dalla%20valle,dg80,225
979,980,24.0,adria-mas%20mascolo,ml93,139
980,981,25.0,nick-chappell,cf10,-309
981,982,23.0,aaron-cortes%20alcaraz,cg47,102
982,983,21.0,joshua-paris,pj18,-13
983,984,26.0,jakob-sude,sl66,-214
984,985,24.0,hugo-voljacques,va38,-232
985,986,25.0,james-duckworth,d994,-874
986,987,21.0,joy-vigani,v931,-74
987,988,29.0,guillermo-duran,d787,0
988,989,21.0,julian-zlobinsky,z452,516
989,990,31.0,riccardo-ghedin,g822,-42
990,991,25.0,juraj-masar,mk64,0
991,992,26.0,yong-kyu-lim,l918,-548
992,993,19.0,ezekiel-clark,co07,0
993,994,22.0,tyler-lu,l0aq,0
994,995,19.0,keegan-smith,s0dq,777
995,996,26.0,tom-jomby,j439,0
996,997,16.0,sergey-fomin,f0a3,312
997,998,22.0,jolan-cailleau,ci49,-14
998,999,17.0,alen-avidzba,a0ao,38
999,1000,21.0,andrew-watson,wb14,511
1000,1001,21.0,dalwinder-singh,sy55,-92
1001,1002,21.0,jayesh-pungliya,pm27,213
1002,1003,22.0,ioannis-stergiou,sq22,127
1003,1004,27.0,mike-urbanija,u133,-191
1004,1005,24.0,vullnet-tashi,td06,45
1005,1006,20.0,theo-fournerie,f916,42
1006,1006,26.0,carlos%20eduardo-severino,sk30,-292
1007,1008,20.0,petr-hajek,hh36,-71
1008,1009,19.0,mats-rosenkranz,rh62,320
1009,1010,25.0,eduardo-dischinger,d915,-42
1010,1011,19.0,marco-miceli,m0cd,761
1011,1012,21.0,marc-dijkhuizen,dd07,68
1012,1013,20.0,ronan-joncour,j709,-237
1013,1014,19.0,sergi-perez%20contri,pi96,620
1014,1015,20.0,saida'lo-saidkarimov,sx51,404
1015,1016,21.0,mateusz-terczynski,tc46,-43
1016,1017,20.0,quim-sorni%20chavarria,sy86,335
1017,1018,23.0,santiago-maresca,ml08,-81
1018,1019,19.0,daniil-zarichanskyy,z443,-50
1019,1020,22.0,lukas-mugevicius,ml78,-630
1020,1021,25.0,pavel-filin,f744,0
1021,1022,21.0,guy%20orly-iradukunda,i327,632
1022,1023,18.0,gabi%20adrian-boitan,b0c0,0
1023,1024,18.0,tomas%20martin-etcheverry,ea24,748
1024,1025,26.0,gengo-kikuchi,kc39,-360
1025,1026,20.0,su%20hao-zhong,z368,408
1026,1027,18.0,gianni-ross,rh21,924
1027,1028,25.0,richard-muzaev,mj56,-239
1028,1029,23.0,yu%20%20hsiang-chiu,ch09,405
1029,1029,21.0,hugo-daubias,d09n,228
1030,1031,28.0,alexis-klegou,ka33,379
1031,1032,20.0,david-volfson,va19,115
1032,1033,22.0,vladyslav-orlov,o659,590
1033,1034,19.0,tomas-liska,l09u,917
1034,1035,20.0,hugo-largo,lg88,0
1035,1036,26.0,tyler-mercier,m0bg,217
1036,1037,25.0,michel-vernier,v731,39
1037,1038,24.0,george-tsivadze,tb28,-219
1038,1039,20.0,guy-den%20heijer,dh18,4
1039,1040,20.0,fernando-yamacita,y223,-23
1040,1041,19.0,andrey-chepelev,co01,0
1041,1042,19.0,louis-tessa,tg42,-180
1042,1043,20.0,oleg-prihodko,pl64,-45
1043,1044,28.0,matija-pecotic,ph42,-522
1044,1045,26.0,jules-marie,mk26,41
1045,1046,31.0,amir-weintraub,w471,-810
1046,1047,23.0,alexander-ritschard,rc04,44
1047,1048,18.0,zizou-bergs,bu13,724
1048,1048,21.0,michail-pervolarakis,pm13,245
1049,1050,21.0,haru-inoue,i409,604
1050,1050,22.0,chun%20hun-wong,w730,518
1051,1052,22.0,florian-lakat,le91,319
1052,1053,22.0,pavel-tsoy,tc10,581
1053,1054,24.0,bart-van%20den%20berg,va72,0
1054,1055,22.0,arthur-rinderknech,rc91,-24
1055,1056,22.0,daniel-cukierman,cl82,-528
1056,1057,19.0,hady-habib,hf80,938
1057,1058,28.0,luis%20david-martinez,mf70,173
1058,1059,24.0,diego-hidalgo,h928,0
1059,1060,28.0,vasko-mladenov,mf99,-143
1060,1061,17.0,michael-vrbensky,v0b2,0
1061,1062,23.0,nicolas%20alberto-arreche,ac28,40
1062,1063,28.0,matthieu-roy%20,ra95,7
1063,1063,18.0,kacper-zuk,z09d,-83
1064,1065,24.0,calum-puttergill,pg03,141
1065,1066,23.0,marcos-giraldi%20requena,gd11,-341
1066,1067,22.0,jonas-trinker,tc87,0
1067,1068,22.0,frederik-press,ph36,36
1068,1069,18.0,rio-noguchi,n09u,365
1069,1070,22.0,goran-markovic,mq06,211
1070,1071,19.0,corrado-summaria,s09t,65
1071,1072,23.0,bastian-wagner,w676,-251
1072,1073,19.0,mikalai-haliak,hh15,194
1073,1074,21.0,orel-ovil,o480,-116
1074,1075,25.0,issei-okamura,o498,-439
1075,1076,21.0,martin-joyce,j607,789
1076,1076,29.0,hans-podlipnik-castillo,pb37,-605
1077,1078,21.0,nicolas-alvarez,ac58,0
1078,1078,23.0,patrik-fabian,f775,-475
1079,1078,32.0,harshana-godamanna,g706,0
1080,1081,18.0,sergio%20luis-hernandez%20ramirez,hh08,784
1081,1082,18.0,emil-ruusuvuori,rh24,429
1082,1083,23.0,elliott-orkin,o654,0
1083,1084,28.0,greg-jones,j361,-533
1084,1085,29.0,yu-chang,ca82,0
1085,1086,19.0,geronimo-espin%20busleiman,e869,0
1086,1087,19.0,jie-cui,c0aj,418
1087,1087,23.0,miki-jankovic,j513,-660
1088,1089,19.0,ewan-moore,mw30,44
1089,1090,18.0,dan-added,a09t,0
1090,1091,22.0,alexander-day,dc70,563
1091,1092,21.0,alexander-lebedyn,lh39,237
1092,1092,22.0,johann-willems,w704,-201
1093,1094,27.0,alexander-lobkov,la45,-359
1094,1095,23.0,siddharth-vishwakarma,va48,217
1095,1095,25.0,antonio-zucca,z275,222
1096,1097,20.0,yuri-syromolotov%20netrebin,s0an,236
1097,1098,32.0,ranjeet-virali-murugesan,v502,-202
1098,1099,23.0,federico-maccari,ml82,368
1099,1099,22.0,simeon-rossier,rc83,-263
1100,1101,22.0,karol-drzewiecki,de12,251
1101,1102,20.0,patrik-niklas-salminen,n754,-357
1102,1102,19.0,nicolas-xiviller,x017,317
1103,1104,24.0,dusty%20h.-boyer,b0c2,464
1104,1105,23.0,matvey-khomentovskiy,kg23,4
1105,1106,22.0,esteban%20-bruna,bk69,49
1106,1107,24.0,mohit%20mayur-jayaprakash,j465,45
1107,1108,24.0,boris-arias,aa49,134
1108,1109,18.0,jordan-hasson,h09w,756
1109,1109,24.0,sang-woo-noh,n611,-413
1110,1111,19.0,paco-climent%20gregori,cj46,142
1111,1111,19.0,ignacio-monzon,mv75,308
1112,1113,27.0,kelsey-stevenson,sm18,-73
1113,1114,18.0,jacopo-berrettini,bu10,454
1114,1114,22.0,andrew-ruppli,rd51,52
1115,1116,20.0,shahar-elbaz,e888,143
1116,1117,23.0,romain-bauvy,bk31,-174
1117,1118,23.0,kazuma-kawachi,ke85,967
1118,1118,22.0,alejo-vilaro,va28,301
1119,1120,24.0,pavel-nejedly,n824,-507
1120,1121,20.0,ondrej-krstev,kh44,-155
1121,1122,23.0,darko-jandric,j521,-148
1122,1123,34.0,vadim-alekseenko,a725,-405
1123,1124,16.0,nicolas-alvarez%20varona,a09u,961
1124,1124,16.0,sebastian-baez,b0bi,648
1125,1124,32.0,brian-baker,ba23,-871
1126,1124,21.0,trevor%20allen-johnson,j647,0
1127,1128,20.0,tim-van%20rijthoven,v942,-747
1128,1128,35.0,jesse-witten,w387,-73
1129,1130,30.0,min-hyeok-cho,j344,-483
1130,1131,19.0,sven-lah,l0ah,437
1131,1132,20.0,aoran-wang,w741,953
1132,1133,29.0,grzegorz-panfil,pb13,-423
1133,1134,23.0,filip-bergevi,bl61,0
1134,1135,23.0,andre-goransson,ge03,-281
1135,1136,23.0,marcelo-plaza,pf18,0
1136,1137,29.0,michael-look,l837,0
1137,1138,22.0,pol-wattanakul,w723,136
1138,1139,29.0,ju-hae-moon,mh39,-124
1139,1140,24.0,filippo-borella,bj74,855
1140,1140,17.0,tadeas-paroulek,p0bm,855
1141,1140,25.0,libor-salaba,sl41,-297
1142,1143,28.0,shinta-fujii,f647,240
1143,1143,24.0,darren%20k.-polkinghorne,pg86,-147
1144,1145,23.0,karim-hossam,ha95,-246
1145,1146,24.0,alexandre-tsuchiya,tb05,-104
1146,1147,19.0,naru-shirafuji,s0e9,344
1147,1148,25.0,junior%20a.-ore,o388,171
1148,1149,20.0,david-szintai,s09v,0
1149,1150,19.0,matteo-de%20vincentis,dh35,801
1150,1150,21.0,stephan-gerritsen,gj57,192
1151,1150,19.0,valentin-vacherot,va25,-348
1152,1153,20.0,alexander-weis,wb19,290
1153,1154,21.0,rishab-agarwal,af41,-410
1154,1154,17.0,maxence-beauge,b0a0,244
1155,1154,21.0,bruno-mardones,mo92,207
1156,1157,23.0,nathan-eshmade,e0a5,40
1157,1158,27.0,kittipong-wachiramanowong,w481,8
1158,1159,30.0,marek-semjan,sh08,57
1159,1160,21.0,benjamin-pietri,p09s,164
1160,1161,19.0,mirko-martinez,mw39,-28
1161,1162,29.0,goncalo-falcao,f607,307
1162,1163,18.0,andrea-guerrieri,g0a0,-59
1163,1163,27.0,maksim-tikhomirov,ta66,489
1164,1165,22.0,andrei%20stefan-apostol,ab64,-318
1165,1165,19.0,mert%20naci-turker,td49,0
1166,1167,18.0,luis-faria,fc42,0
1167,1168,21.0,rhett-purcell,pl36,-28
1168,1169,27.0,gabriel%20alejandro-hidalgo,h999,-643
1169,1170,18.0,dimitriy-voronin,va39,-60
1170,1171,17.0,rayane-roumane,rh54,0
1171,1172,22.0,filipp-kekercheni,ke97,-503
1172,1173,24.0,toby-martin,ml51,48
1173,1174,34.0,matwe-middelkoop,mb88,-501
1174,1174,28.0,antonio-sancic,si06,-169
1175,1174,27.0,dmitry-surchenko,sn04,919
1176,1177,29.0,andres-molteni,me56,-464
1177,1178,18.0,jakub-paul,p0d0,0
1178,1179,30.0,tiago-lopes,l812,-286
1179,1180,20.0,thibault-cancel,cj81,0
1180,1180,26.0,gabriel-schmidt,sx92,0
1181,1182,19.0,francisco-cerundolo,c0au,209
1182,1182,29.0,sanam-singh,sg33,-526
1183,1184,18.0,anthony%20jackie-tang,tg50,114
1184,1184,20.0,matteo-tinelli,tg68,-183
1185,1184,24.0,jordan-ubiergo,u160,-491
1186,1184,24.0,joran-vliegen,v895,-534
1187,1188,18.0,manish-sureshkumar,sy74,-52
1188,1189,18.0,federico-iannaccone,i09n,0
1189,1190,23.0,francesco-bessire,bm50,0
1190,1190,20.0,benjamin-hannestad,hh01,-177
1191,1190,18.0,patrick-kaukovalta,kh41,58
1192,1190,22.0,vladimir-korolev,kg33,74
1193,1190,24.0,paul-monteban,mv12,-137
1194,1190,27.0,jae-min-seol,sj47,-5
1195,1196,26.0,gary-kushnirovich,ki35,247
1196,1196,20.0,riley-smith,sy62,458
1197,1198,19.0,august-holmgren,h09n,280
1198,1198,23.0,kevin-kaczynski,kd88,0
1199,1200,24.0,alberto-cammarata,ce71,-256
1200,1200,37.0,teodor-dacian-craciun,c546,-458
1201,1200,20.0,akram-el%20sallaly,ea34,902
1202,1200,24.0,naoki-takeda,tb87,311
1203,1204,23.0,nico-mertens,mv86,0
1204,1204,27.0,shunrou-takeshima,ta67,215
1205,1206,22.0,neven-krivokuca,kd77,237
1206,1207,18.0,matteo-martineau,mw76,-15
1207,1208,22.0,farzin%20danny-amiri,af84,-24
1208,1208,19.0,valentin-guenther,g09g,0
1209,1208,26.0,ivan-kosec,kc30,-143
1210,1208,22.0,suraj%20r-prabodh,ph19,849
1211,1208,28.0,masaki-sasai,sl12,209
1212,1213,26.0,conor-berg,bi39,-199
1213,1213,22.0,daniele-capecchi,ch19,-356
1214,1213,27.0,ivan-krivic,ke83,782
1215,1216,24.0,tommaso-gabrieli,ge99,882
1216,1217,18.0,edris-fetisleam,f0ag,294
1217,1217,22.0,kamil-gajewski,gg54,-143
1218,1217,19.0,calin-manda,mo35,406
1219,1217,30.0,abdullah-maqdes,mb94,81
1220,1217,26.0,eros-siringo,sm19,-301
1221,1222,24.0,alan-kohen,kd99,375
1222,1222,23.0,giovani-samaha,ss33,26
1223,1224,18.0,jurgen-briand,b0ay,124
1224,1224,24.0,skyler-butts,bu24,771
1225,1224,26.0,joffrey-de%20schepper,da41,-201
1226,1224,24.0,antoine-walch,w816,230
1227,1228,24.0,yuanfeng-li,ld33,101
1228,1229,19.0,amaury-delmas,d0aq,722
1229,1229,25.0,davide-pontoglio,ph02,-168
1230,1231,19.0,koray-kirci,ki91,0
1231,1232,29.0,pirmin-haenle,h844,-285
1232,1232,26.0,mousheg-hovhannisyan,h962,540
1233,1232,22.0,szymon-walkow,w845,-76
1234,1235,19.0,yasha-zemel,z405,-63
1235,1236,28.0,riccardo-maiga,mg80,-137
1236,1237,22.0,aitor-sanz%20llopis,s0cp,154
1237,1238,24.0,nathaniel-lammons,li37,-221
1238,1239,25.0,franco-feitt,f858,43
1239,1239,20.0,aleksei-khomich,kg28,0
1240,1241,20.0,yannai-barkai,bn46,844
1241,1242,21.0,miguel-semedo,sv55,-264
1242,1243,19.0,tiago-cacao,cn88,-176
1243,1244,30.0,aliaksandr-bury,bd83,0
1244,1244,20.0,raheel-manji,mq70,528
1245,1244,16.0,govind-nanda,n0al,0
1246,1244,23.0,samuel-shropshire,sr94,0
1247,1248,22.0,rodrigo-arus,ab15,41
1248,1248,20.0,aleksandre-bakshi,bp74,524
1249,1248,17.0,alberto-colas%20sanchez,c0db,0
1250,1248,25.0,alban-meuffels,ml71,-264
1251,1248,21.0,marek-rehacek,rd00,617
1252,1248,20.0,justin-roberts,rh17,150
1253,1254,17.0,clement-tabur,t09x,0
1254,1255,26.0,steven-de%20waard,db34,-492
1255,1256,20.0,ku%20keon-kang,ke45,341
1256,1256,22.0,filip-veger,v763,-555
1257,1258,21.0,mick-veldheer,va27,185
1258,1259,25.0,philipp-davydenko,d908,46
1259,1260,18.0,jonas-eriksson%20ziverts,e09h,0
1260,1260,19.0,mattias-siimar,sx94,251
1261,1260,32.0,daniel-yoo,y114,-278
1262,1263,25.0,jung-woong-na,n653,-124
1263,1264,19.0,andrea-bolla,bu48,0
1264,1264,24.0,andrea-grazioso,ge82,-24
1265,1266,18.0,constantin-bittoun%20kouzmine,bu53,0
1266,1267,24.0,nicholas-bybel,bv20,277
1267,1268,20.0,adrian-oetzbach,o656,0
1268,1269,27.0,davide-della%20tommasina,d826,348
1269,1270,23.0,mateo%20nicolas-martinez,ml59,-572
1270,1270,32.0,hyun-woo-nam,n430,-229
1271,1270,22.0,takashi-saito,sr78,235
1272,1270,24.0,nicolas-uryson,u09h,0
1273,1270,25.0,arthur-weber,w0a4,0
1274,1275,18.0,alafia-ayeni,a09p,0
1275,1275,29.0,patrik-rosenholm,r931,-744
1276,1277,21.0,alberto-barroso%20campos,bu36,264
1277,1277,24.0,luca-pancaldi,pe97,-562
1278,1277,22.0,colin-sinclair,sq79,0
1279,1280,19.0,kristjan-tamm,tg67,585
1280,1281,20.0,ram-kapach,ke41,-64
1281,1281,20.0,arturs-lazdins,ld60,188
1282,1281,25.0,ruikai-wang,w636,-47
1283,1284,18.0,maxence-broville,bu35,488
1284,1284,21.0,congsup-congcar,cm88,158
1285,1284,19.0,alexandru%20vasile-manole,mp84,178
1286,1287,24.0,dragos%20constantin-ignat,i288,-106
1287,1288,19.0,cengiz-aksu,a0an,0
1288,1288,19.0,ivan-marrero%20curbelo,m09m,0
1289,1288,19.0,luca-prevosto,pm37,174
1290,1291,19.0,joel-cannell,cm80,-462
1291,1291,22.0,shunsuke-wakita,wb03,-77
1292,1293,22.0,niki-kaliyanda%20poonacha,kh77,-227
1293,1294,24.0,collin-johns,j614,-291
1294,1295,25.0,kunal-anand,aa92,-76
1295,1295,23.0,farris%20fathi-gosea,gc96,-498
1296,1297,23.0,jannis-kahlke,kc73,-131
1297,1298,20.0,darko-bojanovic,bt77,164
1298,1299,,carlos-de%20la%20pena,d527,0
1299,1299,22.0,spencer-papa,pf91,0
1300,1299,23.0,quentin-robert,rb04,27
1301,1299,,jesse-timmermans,tg91,0
1302,1303,22.0,jacob-dunbar,dg86,0
1303,1303,20.0,alfredo-perez,pl39,241
1304,1305,19.0,mark-chigaazira,c0co,0
1305,1305,18.0,shinji-hazawa,h0ba,0
1306,1305,38.0,jan-hernych,h442,-883
1307,1305,19.0,juan-martin,m0ar,0
1308,1309,22.0,marco-di%20prima,dg47,463
1309,1309,20.0,kaito-itsusaki,i09g,0
1310,1309,16.0,filip%20cristian-jianu,j09x,0
1311,1309,21.0,ivan-liutarevich,lf40,145
1312,1313,26.0,dae-hee-lee,la44,0
1313,1313,22.0,herbert%20jody-maginley,mw83,0
1314,1313,17.0,daniel-michalski,m0e1,0
1315,1316,24.0,mark-whitehouse,w716,75
1316,1317,21.0,ibuki-furuta,f0b7,0
1317,1317,22.0,evan-hoyt,hb89,-134
1318,1317,28.0,young-hoon-jeong,j420,678
1319,1317,28.0,katsuki-nagao,n599,-50
1320,1317,20.0,giovanni-oradini,o639,0
1321,1317,25.0,mathieu-perchicot,pl53,337
1322,1317,37.0,michael-quintero,q017,0
1323,1324,19.0,charles-broom,bv21,0
1324,1324,18.0,francesco-forti,f0a4,0
1325,1324,21.0,alexandru-gozun,gf07,0
1326,1324,18.0,juan%20pablo-grassi%20mazzuchi,g0ch,0
1327,1324,20.0,christopher-morin%20kougoucheff,mw49,0
1328,1324,27.0,jordi-munoz-abreu,mg99,-65
1329,1324,19.0,marko-osmakcic,o570,761
1330,1324,19.0,luigi-sorrentino,s0ba,541
1331,1324,27.0,ty-trombetta,ta01,74
1332,1324,19.0,maxim-tybar,tg53,-188
1333,1334,17.0,jaimee%20floyd-angele,a0b6,0
1334,1334,24.0,christopher%20g-haworth,hb06,0
1335,1334,23.0,vincent-jaensch-mueller,j531,-227
1336,1334,27.0,rafael-mazon-hernandez,mi75,661
1337,1334,29.0,ken-onoda,o428,8
1338,1334,19.0,alexander-ovcharov,o675,126
1339,1334,25.0,dong-hak-sin,sn65,0
1340,1341,20.0,luca-castelnuovo,ch80,313
1341,1341,21.0,felix-corwin,cn15,610
1342,1341,19.0,constant-de%20la%20bassetiere,dg83,24
1343,1341,17.0,hugo-gaston,g09o,150
1344,1341,29.0,zach-itzstein,i277,227
1345,1341,19.0,alex-knaff,kj00,313
1346,1341,17.0,tao-mu,m09e,0
1347,1341,22.0,masaki-osafune,o491,0
1348,1341,20.0,alen-rogic-hadzalic,r09d,0
1349,1350,,jenson-brooksby,b0cd,0
1350,1350,21.0,s%20d%20prajwal-dev,dh23,0
1351,1350,18.0,vasil-kirkov,k0a4,-288
1352,1350,20.0,alexander-knight,k0ch,0
1353,1354,24.0,sergio-barranco,bu29,49
1354,1354,22.0,thomas-colautti,cn40,0
1355,1354,25.0,liang-chi-huang,ha03,-715
1356,1354,18.0,kittirat-kerdlapee,ki22,0
1357,1354,18.0,nikita-mashtakov,mw62,214
1358,1354,18.0,vladislav-melnic,m0dq,0
1359,1354,25.0,victor-ouvrard,o439,-282
1360,1354,18.0,alexandre-rotsaert,r0bs,157
1361,1354,18.0,niklas-schell,sz36,0
1362,1354,18.0,dan%20alexandru-tomescu,t0aa,597
1363,1354,28.0,ricardo-urzua-rivera,u105,-418
1364,1365,21.0,petar-conkic,ch38,-442
1365,1365,26.0,tigre-hank,h917,-202
1366,1365,26.0,connor-smith,sm38,-775
1367,1365,26.0,chandril-sood,sl55,-8
1368,1365,20.0,linh%20giang-trinh,t0ab,281
1369,1370,19.0,remy-bertola,bu70,402
1370,1370,29.0,edward-bourchier,bf49,0
1371,1370,23.0,zhaoyi-cao,cg42,-242
1372,1370,24.0,victor%20vlad-cornea,cf25,-206
1373,1370,24.0,alexandru-danes,da16,-170
1374,1370,18.0,lance-pierre-du%20toit,d0a1,0
1375,1370,22.0,linus-frost,f0as,141
1376,1370,18.0,amit-gabreal,g09h,-72
1377,1370,20.0,pablo-irigaray%20guarne,i405,227
1378,1370,26.0,vinayak%20sharma-kaza,sm71,-153
1379,1370,27.0,vijayant-malik,mh48,-193
1380,1370,17.0,luka-pavlovic,p0ay,174
1381,1370,19.0,alessandro-ricci,r09s,9
1382,1370,19.0,abhinav%20sanjeev-shanmugam,sy73,402
1383,1384,19.0,sean-hodkin,h0aa,388
1384,1385,23.0,scott-clayton,ce81,-620
1385,1385,28.0,tyler-hochwalt,h836,0
1386,1385,18.0,matthew%20christopher-romios,rh69,0
1387,1388,19.0,antonin-bolardt,bu89,0
1388,1388,27.0,alejandro-mendoza,me70,-361
1389,1388,20.0,maxime-mora,mt97,-563
1390,1388,17.0,daniel-rodrigues,r0ar,0
1391,1388,19.0,albert-roglan,rh46,-59
1392,1388,23.0,francesco-salviato,sx43,31
1393,1388,20.0,vitalii-shcherba,sr71,-37
1394,1388,18.0,chukang-wang,wb36,384
1395,1396,22.0,floris-van%20den%20brink,v09g,661
1396,1397,25.0,gonzales-austin,ab25,-738
1397,1397,19.0,andres%20gabriel-ciurletti,cn39,-57
1398,1397,22.0,tomas-gerini,ge98,-191
1399,1397,19.0,alastair-gray,g0ao,-338
1400,1397,20.0,fermin-tenti,t0af,468
1401,1397,20.0,lukas-vejvara,v0a1,251
1402,1397,24.0,bartosz-wojnar,w642,696
1403,1404,22.0,sagadat-ayap,ab19,65
1404,1404,28.0,tejas-chaukulkar,cg19,368
1405,1404,20.0,felipe-cunha-silva,ch84,-323
1406,1404,27.0,patrick-daciek,da23,-409
1407,1404,20.0,masaya-kobayashi,k0ad,-227
1408,1404,24.0,bernd-kossler,ke14,-536
1409,1404,25.0,alexander-merino,mm31,-64
1410,1404,28.0,milos-sekulic,sj15,-442
1411,1412,25.0,alex-blumenberg,bi24,-448
1412,1412,26.0,david%20agung-susanto,sk03,-672
1413,1414,20.0,lucas-bouquet,bu32,55
1414,1414,30.0,jorge-hernando%20ruano,h712,-492
1415,1414,21.0,jirat-navasirisomboon,n831,-417
1416,1417,19.0,milos-nikolic,n924,0
1417,1418,17.0,matthew-dellavedova,d0a2,354
1418,1418,21.0,wei-de-lin,lf44,-140
1419,1418,23.0,eduardo%20agustin-torre,tc48,-455
1420,1421,22.0,aaron-addison,ad06,-372
1421,1421,17.0,justin-barki,b0c7,123
1422,1421,19.0,franco-capalbo,ch60,13
1423,1421,26.0,stanislav-poplavskyy,pf14,-607
1424,1421,20.0,gorazd-srbljak,s09k,-219
1425,1426,21.0,martin-beran,bl97,-630
1426,1427,19.0,alexis-canter,cn64,170
1427,1427,19.0,anirudh-chandrasekar,co03,-17
1428,1427,22.0,jakob-johansson-holm,j724,-275
1429,1430,21.0,benjamin-dhoe,dh54,-234
1430,1431,22.0,mubarak%20shannan-zayid,ac39,-161
1431,1432,20.0,george-botezan,bt88,-355
1432,1433,21.0,aria-harajchi,hd65,-487
1433,1434,16.0,anton-matusevich,m0fa,0
1434,1434,22.0,jose%20antonio-rodriguez%20rodriguez,rc29,220
1435,1434,33.0,josko-topic,t762,0
1436,1434,20.0,laurens-verboven,va74,134
1437,1438,18.0,alexandre-castanho%20ribeiro,c09r,0
1438,1438,18.0,axel-geller,g0ab,0
1439,1438,18.0,fitriadi-m%20rifqi,m0d4,0
1440,1438,36.0,jan-minar,m800,-152
1441,1438,28.0,jan-poskocil,pg58,0
1442,1438,21.0,charly-zick,z09i,0
1443,1444,36.0,dimitar-grabul,g580,-438
1444,1444,18.0,joshua-howard-tripp,h0be,47
1445,1444,24.0,oliver-hudson,ha87,153
1446,1444,21.0,osgar-o'hoisin,o684,0
1447,1444,31.0,karan-rastogi,r704,67
1448,1444,18.0,nitin%20kumar-sinha,sy50,328
1449,1450,17.0,mert-alkaya,a09q,0
1450,1450,20.0,geronimo-barrios,bu31,-138
1451,1450,22.0,hugo-di%20feo,da96,0
1452,1450,20.0,martin-dimitrov,dg73,0
1453,1450,18.0,menelaos-efstathiou,ea31,55
1454,1450,28.0,dmitro-kamynin,k957,-317
1455,1450,30.0,mateusz-kowalczyk,k905,0
1456,1450,23.0,abdulhamid-mubarak,mk56,415
1457,1450,23.0,marco-neubau,n727,0
1458,1450,26.0,valentin-nourrissat,n675,0
1459,1450,29.0,koichi-sano,sm24,-145
1460,1450,16.0,chun%20hsin-tseng,t0ap,-67
1461,1462,20.0,tadas-babelis,bp36,-117
1462,1462,24.0,gianluca-bergomi,bj30,0
1463,1462,18.0,simen%20sunde-bratholm,b0a4,-86
1464,1462,21.0,william-bushamuka,bs17,489
1465,1462,19.0,eric-caleguer,cj98,403
1466,1462,18.0,pasquale-de%20giorgio,d0bu,0
1467,1462,21.0,sharmal-dissanayake,dg51,0
1468,1462,22.0,lucas-gerch,gf23,0
1469,1462,21.0,leon-hoeveler,hb43,0
1470,1462,22.0,milen-ianakiev,i299,489
1471,1462,18.0,paul-jubb,j0a4,0
1472,1462,25.0,augusto-laranja,la40,-268
1473,1462,20.0,hei%20yin%20andrew-li,ld90,49
1474,1462,22.0,matej-maruscak,mo06,-274
1475,1462,16.0,marko-miladinovic,m0cg,0
1476,1462,19.0,anurag-nenwani,n0a7,0
1477,1462,22.0,christian-paul,pk66,0
1478,1462,18.0,bogdan-pavel,pl80,0
1479,1462,22.0,flemming-peters,pm06,12
1480,1462,23.0,rowland-phillips,p0ao,310
1481,1462,21.0,lucas-poullain,pj74,29
1482,1462,18.0,dusan-rajic,rh90,0
1483,1462,18.0,frazier-rengifo,rh73,49
1484,1462,20.0,horst-rieder,r09f,403
1485,1462,28.0,elie-rousset,ra15,-567
1486,1462,24.0,leon-schutt,sq62,-642
1487,1462,18.0,stijn-slump,s0e6,192
1488,1462,28.0,matteo-trevisan,t948,-694
1489,1462,22.0,fabian-van%20der%20lans,v855,403
1490,1462,24.0,keisuke-watanuki,w736,161
1491,1462,21.0,kai-wehnelt,w712,0
1492,1493,18.0,oliver-crawford,c0ak,372
1493,1493,21.0,jake-douglas,d09q,372
1494,1493,23.0,gabriel-friedrich,f810,0
1495,1493,18.0,aliaksandr-liaonenka,l09d,0
1496,1493,23.0,ji%20hoon-son,so41,-487
1497,1498,26.0,jose%20daniel-bendeck,be44,-232
1498,1498,19.0,federico-bertuccioli,bu04,0
1499,1498,19.0,santiago-besada,b09z,0
1500,1498,20.0,sergiu%20ioan-bucur,bt73,-352
1501,1498,18.0,gabriel-decamps,dg53,0
1502,1498,25.0,mitchell-frank,f733,-464
1503,1498,25.0,jessy-kalambay,ke04,-55
1504,1498,23.0,mihail-khaldeev,kd95,46
1505,1498,39.0,oh-hee-kwon,k418,-208
1506,1498,18.0,ching-lam,lh78,274
1507,1498,21.0,robin-lang,lh83,0
1508,1498,18.0,kai-lemstra,l0b7,274
1509,1498,27.0,yuki-matsuo,mg48,0
1510,1498,19.0,alexey-nesterov,n0ax,0
1511,1498,20.0,aron-pierce,pl48,0
1512,1498,17.0,sidane-pontjodikromo,p0be,0
1513,1498,19.0,tim-ruehl,rh45,533
1514,1498,21.0,christian-samuelsson,sr97,559
1515,1498,21.0,keivon-tabrizi,te23,453
1516,1498,22.0,luca%20george-tatomir,tc13,587
1517,1498,18.0,duarte-vale,va15,274
1518,1519,16.0,soufiane-el%20mesbahi,e0ai,0
1519,1519,29.0,daniel-kopeinigg,kd53,0
1520,1519,22.0,yvo-panak,pi06,432
1521,1519,23.0,julius-tverijonas,tc88,-41
1522,1523,21.0,philip-bachmaier,b0bm,342
1523,1523,21.0,luciano-betella,bl17,472
1524,1523,19.0,david%20damian-brna,b09i,0
1525,1523,20.0,juan%20pablo-canas%20garcia,cj53,-104
1526,1523,18.0,kaya-gore,gj20,131
1527,1523,19.0,eduard-guell%20bartrina,gj62,249
1528,1523,20.0,ivan-kalinin,ki81,342
1529,1523,17.0,palaphoom-kovapitukted,k0bu,0
1530,1523,21.0,maxim-landa,l0b8,131
1531,1523,21.0,dominik-nazaruk,n936,0
1532,1523,18.0,kody-pearson,pl69,-125
1533,1523,19.0,aaro-pollanen,ph59,21
1534,1523,27.0,giorgio-portaluri,pd04,342
1535,1523,25.0,lucas-renard,rb49,-120
1536,1523,21.0,yuto-sakai,sy79,0
1537,1523,29.0,adrian-sikora,se78,-256
1538,1523,24.0,quinnton-vega,va16,-502
1539,1523,19.0,robertas-vrzesinski,v0aj,342
1540,1523,19.0,jordi-walder,w09o,342
1541,1523,21.0,huixin-wang,wa98,-12
1542,1523,20.0,henrik-wiersholm,w710,342
1543,1544,21.0,hugo-schott,sq86,557
1544,1545,18.0,roman-blokhin,b0df,0
1545,1545,17.0,yan-bondarevskiy,bv19,109
1546,1545,25.0,filip-brtnicky,bk96,-519
1547,1545,23.0,washi-gervais,gg53,450
1548,1545,22.0,nicholas-horton,hb86,-310
1549,1545,18.0,alejandro-hoyos,hh32,23
1550,1545,25.0,samir-iftikhar,i308,227
1551,1545,19.0,niklas-johansson,j738,23
1552,1545,17.0,adil-kalyanpur,k0ab,320
1553,1545,25.0,shahbaaz-khan,kc44,-209
1554,1545,32.0,dylan%20seong%20kwan-kim,k729,-507
1555,1545,19.0,louroi-martinez,m09j,450
1556,1545,18.0,benard%20bruno-nkomba,n933,406
1557,1545,22.0,aljaz-radinski,rd96,-197
1558,1545,23.0,mico-santiago,so75,-715
1559,1545,26.0,tom-schonenberg,so25,-334
1560,1545,20.0,nathan-seateun,s09y,-83
1561,1545,24.0,shonigmatjon-shofayziyev,sl44,-69
1562,1545,20.0,marvin%20bernardo-spiering,s0ce,-135
1563,1545,20.0,anthony-susanto,sy76,486
1564,1545,21.0,rui-xuan-wang,w706,0
1565,1545,18.0,omer-yeshaya,y280,406
1566,1545,22.0,pak%20long-yeung,y204,320
1567,1568,24.0,luis-britto,bk09,-140
1568,1569,19.0,paramveer%20singh-bajwa,b0ae,-159
1569,1569,22.0,andrea-borroni,bt55,296
1570,1569,18.0,andres-fernandez%20canovas,fc00,0
1571,1569,25.0,levente-godry,gc66,-297
1572,1569,18.0,yu%20hsiou-hsu,h09f,-511
1573,1569,22.0,alexander-jhun,j523,0
1574,1569,18.0,stamatis-kapiris,ki69,85
1575,1569,18.0,ergi-kirkin,ki48,0
1576,1569,18.0,alberto-lim,l0a0,0
1577,1569,32.0,rajko-mladenovic,mw79,28
1578,1569,20.0,rayane-oumaouche,o09n,426
1579,1569,30.0,vignesh-peranamallur,pc36,-25
1580,1569,25.0,ivan-sabanov,sl50,-25
1581,1569,19.0,roy-smith,s0dh,-285
1582,1569,28.0,thibault-venturino,v685,-458
1583,1584,17.0,lingxi-zhao,z0a2,-98
1584,1585,27.0,andrew-carter,cg49,-643
1585,1585,21.0,daniel-mora,mu08,-221
1586,1585,18.0,juan%20bautista-otegui,o09s,0
1587,1585,23.0,leandro-serrano%20sanz,sq30,-175
1588,1585,23.0,leonard-von%20hindte,v09f,487
1589,1585,23.0,brandon-walkin,w738,-521
1590,1585,21.0,sheng%20hao-zhou,z424,-233
1591,1592,19.0,alexander-donski,dh46,0
1592,1592,19.0,nikolay-kolobaev,ki53,42
1593,1592,24.0,jeson-patrombon,pg17,-392
1594,1592,19.0,victor-poncelet,pm60,-433
1595,1592,20.0,hugo-pontico,pm29,480
1596,1592,18.0,dhruv-sunish,s0dk,-504
1597,1598,18.0,samy-grace,g0au,-305
1598,1598,24.0,ryota-kishi,kd69,-700
1599,1600,18.0,daniel-batista,b0bj,0
1600,1601,22.0,luis%20diego-chavez%20villalpando,cg35,47
1601,1601,25.0,simon-navarro,n635,-303
1602,1601,21.0,patrik-obal,o657,-478
1603,1601,22.0,cesar-testoni,tg78,-458
1604,1605,18.0,aziz-ouakaa,o09a,426
1605,1606,26.0,jonathan-chang,cj67,-509
1606,1607,22.0,sefa-suluoglu,so05,-334
1607,1608,19.0,leonardo-aboian,ag57,257
1608,1608,18.0,ammar-alhogbani,ag30,0
1609,1608,20.0,philip-aplienz,a0dd,0
1610,1608,16.0,jose%20antonio-arcos%20del%20valle,a0dm,0
1611,1608,21.0,ted-bachev,bt93,0
1612,1608,18.0,florent-bax,b0bu,46
1613,1608,29.0,ayoub-benamar,bc77,-97
1614,1608,23.0,alberto-berbegal%20moreno,bk97,0
1615,1608,24.0,darius%20florin-bragusi,bj43,0
1616,1608,16.0,jacob-bullard,b0en,0
1617,1608,22.0,samm-butler,bl41,-130
1618,1608,17.0,juan%20felipe-castellanos,c0cz,0
1619,1608,18.0,louis-clark,c0dk,0
1620,1608,24.0,fabio-costa,cg06,0
1621,1608,19.0,seppe-cuypers,c09c,-130
1622,1608,21.0,daniel-czepielewski,ch31,0
1623,1608,18.0,gabriel%20ciro-da%20silva,d0cb,0
1624,1608,18.0,jack-davis,dh40,0
1625,1608,18.0,julien-de%20cuyper,d0cq,0
1626,1608,20.0,arturo-dell'eva,d0a6,0
1627,1608,29.0,dorian-descloix,d862,-325
1628,1608,22.0,anton-desyatnik,dc29,495
1629,1608,22.0,miguel-diaz,d09u,0
1630,1608,16.0,facundo-diaz%20acosta,d0cg,0
1631,1608,46.0,younes-el%20aynaoui,e121,0
1632,1608,20.0,camilo%20andres-erazo,ea23,449
1633,1608,21.0,nicolas-ferrando,fc01,0
1634,1608,23.0,stefan-fiacan,f823,0
1635,1608,22.0,jesse-flores,f902,0
1636,1608,26.0,valentin-florez,f699,0
1637,1608,20.0,sergi-fontcuberta,fc44,0
1638,1608,29.0,marcus-fugate,f536,-130
1639,1608,18.0,roberts-grinvalds,g0b4,0
1640,1608,30.0,tihomir-grozdanov,g925,-322
1641,1608,21.0,daniel-grunberger,g0bm,0
1642,1608,20.0,tian%20jia-guo,gj07,0
1643,1608,22.0,shawn%20h.-hadavi,h09d,0
1644,1608,20.0,mitchell-harper,hb83,0
1645,1608,17.0,philip-henning,h0bf,46
1646,1608,32.0,jesse-huta%20galung,h704,-1171
1647,1608,22.0,konstantinos-ilia,i09h,46
1648,1608,24.0,juan%20ignacio-iliev,i335,0
1649,1608,26.0,jarmere-jenkins,j393,-1223
1650,1608,25.0,jacob-kahoun,kc74,449
1651,1608,21.0,mcclain-kessler,ki44,0
1652,1608,20.0,majed-kilani,ke35,-283
1653,1608,38.0,ognian-kolev,k479,46
1654,1608,19.0,lukasz-kozielski,k09q,0
1655,1608,17.0,boris-kozlov,k0af,46
1656,1608,22.0,guillaume-laurent,l0a3,0
1657,1608,23.0,erroll-lawrence,e938,164
1658,1608,23.0,zhao-tai-li,ld35,387
1659,1608,20.0,shao-fan-liu,lh58,46
1660,1608,17.0,mike-loccisano,l09n,0
1661,1608,21.0,piotr-lomacki,lf31,-303
1662,1608,17.0,juan%20manuel-lopez,l0al,46
1663,1608,17.0,tad-maclean,m0fb,0
1664,1608,15.0,mario-mansilla%20diez,m0ee,0
1665,1608,21.0,jose%20maria-martin%20de%20oliva%20carr,mo88,0
1666,1608,22.0,euan-mcintosh,mp50,0
1667,1608,22.0,joel-meda,mw25,0
1668,1608,17.0,nicolas-mejia,m0aw,-40
1669,1608,41.0,roberto-menendez,m704,0
1670,1608,19.0,irakli-metreveli,mv76,164
1671,1608,18.0,siphosothando-montsi,m0cy,46
1672,1608,22.0,adam-moundir,mp94,0
1673,1608,25.0,david-mrazek,m0bs,0
1674,1608,16.0,phuong%20van-nguyen,n0ac,0
1675,1608,27.0,christophe-nickels,n938,0
1676,1608,22.0,guillermo-nunez,n698,-117
1677,1608,26.0,julien-obry,o410,46
1678,1608,17.0,jie-ming-pai,p0cn,0
1679,1608,18.0,zlatan-palazov,p0ap,0
1680,1608,26.0,david-pel,pe69,-698
1681,1608,23.0,janis-podzus,pg10,26
1682,1608,19.0,sergei-pogosian,p0b7,0
1683,1608,17.0,ivan-ponomarenko,p0c6,0
1684,1608,24.0,demian-raab,rc77,-696
1685,1608,22.0,arief-rahman,rc49,-97
1686,1608,20.0,arnaud-restifo,rh94,-64
1687,1608,40.0,razvan-sabau,s535,0
1688,1608,16.0,yair-sarouk,s0c0,0
1689,1608,19.0,alexander-sazankov,s0dn,46
1690,1608,18.0,mathieu-scaglia,s09b,0
1691,1608,17.0,aaron-schmid,s0gy,0
1692,1608,25.0,denis-semenikhin,s0fj,0
1693,1608,29.0,ivan-sergeyev,se69,0
1694,1608,17.0,rishabh-sharda,s0bk,0
1695,1608,22.0,jia-hong-shen,s0fw,0
1696,1608,20.0,christian-sigsgaard,sy00,0
1697,1608,23.0,austin-smith,sm74,-830
1698,1608,22.0,enzo-sommer,su14,0
1699,1608,28.0,krisjanis-stabins,sh32,-657
1700,1608,27.0,riccardo-stiglich,sl04,46
1701,1608,27.0,dominik-suc,sp75,387
1702,1608,27.0,tadas-tarasevicius,t981,164
1703,1608,30.0,yannick-thivant,t929,0
1704,1608,21.0,teeradon-tortrakul,tc72,0
1705,1608,21.0,gabriel-tumasonis,te14,164
1706,1608,21.0,panu-virtanen,v930,0
1707,1608,,yu%20chang-wang,w861,0
1708,1608,22.0,robert-willekes%20macdonald,w802,-420
1709,1608,28.0,alec-witmeur,w606,0
1710,1711,,alec-adamson,a0by,0
1711,1711,22.0,jayson-amos,ac90,0
1712,1711,31.0,pablo-andujar,a596,-1176
1713,1711,23.0,alexander-babanine,bj18,-114
1714,1711,20.0,marcell-bartakovics,b0cc,0
1715,1711,24.0,dominik-bartels,bl36,0
1716,1711,25.0,manuel-bellutti,bl81,0
1717,1711,18.0,andrea-bessire,b0bg,0
1718,1711,,enrique-bogo,bk43,0
1719,1711,20.0,casper-bonapart,b0b2,154
1720,1711,21.0,roman-boychuk,bu12,0
1721,1711,18.0,alexander-brown,bv13,0
1722,1711,22.0,gage-brymer,bp44,-200
1723,1711,22.0,a.j.-catanzariti,ci19,-346
1724,1711,22.0,daniele-catini,cn95,240
1725,1711,19.0,niccolo-catini,c0c1,0
1726,1711,19.0,loic-cloes,c09d,61
1727,1711,19.0,razvan%20marius-codescu,cn26,0
1728,1711,17.0,francisco-comesana,c0df,0
1729,1711,22.0,alexander-cozbinov,cj60,0
1730,1711,17.0,lleyton-cronje,c0cn,0
1731,1711,20.0,paolo-dagnino,dc36,0
1732,1711,25.0,pavle-daljev,db61,0
1733,1711,26.0,gaetan-de%20lovinfosse,da32,0
1734,1711,22.0,yasitha-de%20silva,dh19,0
1735,1711,20.0,gabriel-diaz%20freire,dg95,0
1736,1711,20.0,bogdan-didenko,df85,0
1737,1711,18.0,kaloyan-dimitrov,d0ag,-57
1738,1711,19.0,carlos-divar,dh51,-200
1739,1711,24.0,luciano-doria,da44,0
1740,1711,23.0,riaan-du%20toit,db76,-402
1741,1711,20.0,dane-dunlap,dh26,0
1742,1711,22.0,julien-eon,e854,0
1743,1711,18.0,martin-fekiac,f0aw,0
1744,1711,27.0,alexandre-folie,f743,-596
1745,1711,18.0,luc-fomba,fc50,-277
1746,1711,17.0,lorenzo-gagliardo,g0d4,0
1747,1711,26.0,sander-gille,gd32,-1003
1748,1711,29.0,daniel-glancy,ga84,-114
1749,1711,23.0,marko-goles%20babic,ge34,0
1750,1711,32.0,ruben-gonzales,g810,-786
1751,1711,31.0,damon-gooch,gb76,-268
1752,1711,17.0,nick-hardt,h0a4,61
1753,1711,23.0,mostafa-hatem,mp39,-143
1754,1711,26.0,cheng-peng-hsieh,h939,61
1755,1711,23.0,arklon-huertas%20del%20pino%20cordova,h0c9,0
1756,1711,37.0,lauri-kiiski,k426,-488
1757,1711,23.0,sang-yuop-kim,kf19,0
1758,1711,32.0,woo-ram-kim,k901,0
1759,1711,18.0,siva%20deep-kosaraju,k0c1,0
1760,1711,24.0,warren-kuhn,kd47,0
1761,1711,32.0,daniel-lustig,l615,61
1762,1711,22.0,marcus-mansson,mm73,-65
1763,1711,16.0,wojciech-marek,m0e4,0
1764,1711,27.0,hleb-maslau,m0cz,61
1765,1711,39.0,toshihide-matsui,m815,0
1766,1711,23.0,fabio-mercuri,mn09,-143
1767,1711,22.0,jack-murray,mv57,0
1768,1711,19.0,david-norfeldt,n09v,61
1769,1711,19.0,david-pata,p0a8,0
1770,1711,24.0,anastasios-pavlis,pg76,0
1771,1711,20.0,stylianos-perdikogiannis,ph55,-57
1772,1711,24.0,minhtuan-pham,ph05,0
1773,1711,21.0,hugo-pierre,pm20,0
1774,1711,20.0,alessandro-ragazzi,r0ac,0
1775,1711,22.0,robbie-ridout,rg39,-505
1776,1711,26.0,batyr-sapaev,sp02,0
1777,1711,28.0,rene-schulte,sp53,0
1778,1711,29.0,alexandre-sidorenko,sd78,-1445
1779,1711,27.0,riccardo-sinicropi,sj61,-770
1780,1711,18.0,ming%20chun%20alan-sou,s09m,-57
1781,1711,25.0,tomas-stillman,sn50,-57
1782,1711,18.0,marton-szappanos,s0di,0
1783,1711,21.0,daniel-tamir,tc39,382
1784,1711,21.0,suthinan-tanthaseraneewat,td50,0
1785,1711,16.0,thiago%20agustin-tirante,t0a1,0
1786,1711,21.0,luca-tomasetto,tg52,-367
1787,1711,17.0,moritz-trocker,t0ae,0
1788,1711,24.0,vincent-van%20den%20honert,v813,-570
1789,1711,20.0,pol-vaquero%20fernandez,v959,154
1790,1711,17.0,yannick-verwater,v0ap,-57
1791,1711,18.0,francisco-vittar,va36,0
1792,1711,,nenad-vladusic,v0a4,0
1793,1711,19.0,marcus-walters,w719,0
1794,1711,21.0,haitong-xia,x014,0
1795,1711,19.0,richard-yang,y260,0
1796,1711,27.0,arsenije-zlatanovic,z245,0
1797,1798,18.0,mohamed-abdel-aziz,a0ay,-370
1798,1798,19.0,mohamed-aboulkassem,a0a1,0
1799,1798,22.0,ville-petteri-ahti,ac72,0
1800,1798,24.0,iznaur-akhmaev,a0ci,0
1801,1798,18.0,tomas-almeida,a0a6,0
1802,1798,23.0,ivar%20jose-aramburu%20contreras,ab70,0
1803,1798,18.0,franco%20david-aubone,ag26,-26
1804,1798,29.0,dmytro-badanov,be95,-713
1805,1798,22.0,samuel-beddow,b0c8,-26
1806,1798,21.0,martin-blasko,bm96,-632
1807,1798,24.0,antonio-campo,cf02,-649
1808,1798,19.0,jose%20fernando-carvajal%20torres,cg92,-477
1809,1798,19.0,tadiwa-chinamo,c0ar,0
1810,1798,28.0,jae-won-choi,cd17,0
1811,1798,18.0,antoine-damiens,d0ae,0
1812,1798,25.0,bobbie-de%20goeijen,da34,-355
1813,1798,18.0,carlo-donato,d0b8,-144
1814,1798,19.0,bruno%20luca-faletto%20ureta,fa68,197
1815,1798,30.0,anas-fattar,f569,0
1816,1798,18.0,jan-galka,g0cj,0
1817,1798,21.0,philippe-gelade,gj49,0
1818,1798,17.0,lukas-greif,g0c8,0
1819,1798,17.0,niklas-guttau,g0ci,0
1820,1798,21.0,alex-hedman,hd71,0
1821,1798,21.0,mats-hermans,hh43,0
1822,1798,20.0,simohamed-hirs,hh13,259
1823,1798,21.0,runhao-hua,hc23,0
1824,1798,22.0,yuichiro-inui,i416,0
1825,1798,20.0,yuya-ito,i345,-942
1826,1798,22.0,hendrik-jebens,j09f,-254
1827,1798,17.0,rimpei-kawakami,k0bh,0
1828,1798,18.0,daniil-klimov,ki80,0
1829,1798,18.0,philipp-klimov,k09s,0
1830,1798,19.0,bastien-kolly,k09h,0
1831,1798,23.0,stanislav-korshunov,kd66,-364
1832,1798,20.0,sameer-kumar,kh72,-513
1833,1798,18.0,jack%20mingjie-lin,li16,197
1834,1798,27.0,michele-longo,le92,153
1835,1798,17.0,jaycer-lyeons,l0bh,0
1836,1798,22.0,oscar-mancineiras%20cornella,mp57,-144
1837,1798,22.0,alexander-mannapov,mn03,-144
1838,1798,21.0,michal-marko,mv73,67
1839,1798,18.0,guido-marson,m0e6,0
1840,1798,24.0,yutaro-matsuzaki,mn86,-26
1841,1798,23.0,ricardo%20david-mayagoitia,mj18,0
1842,1798,17.0,michal-mikula,m0dw,0
1843,1798,19.0,filippo-mora,mu92,0
1844,1798,19.0,arvid-nordquist,n0af,0
1845,1798,17.0,christian-oliveira,o09l,0
1846,1798,19.0,guilherme-osorio,o644,-257
1847,1798,23.0,jordan-parker,pm32,0
1848,1798,23.0,changwei-peng,pg16,0
1849,1798,18.0,faisal-qamar,q025,0
1850,1798,21.0,zhuoyang-qiu,q949,-395
1851,1798,20.0,motvey-radionov,rd50,-175
1852,1798,21.0,strahinja-rakic,rd08,153
1853,1798,18.0,gregor-ramskogler,r0ay,0
1854,1798,20.0,edoardo-sardella,s0at,0
1855,1798,20.0,harrison-scott,sy69,-26
1856,1798,30.0,sebastian-serrano,sm28,-407
1857,1798,17.0,alexandros-skorilas,s0f7,0
1858,1798,17.0,henri-squire,s0ak,0
1859,1798,18.0,yunosuke-tanaka,t0b3,0
1860,1798,20.0,yuga-tashiro,t09u,0
1861,1798,25.0,clay-thompson,tb84,-1077
1862,1798,19.0,richard-torres,t0at,0
1863,1798,17.0,petros-tsitsipas,tg77,0
1864,1798,20.0,shi%20hong-zeng,z450,67
1865,1798,16.0,alexander-zgirovsky,z09b,0
1866,1867,19.0,jakob-aichhorn,a0bg,0
1867,1867,19.0,shaheed-alam,a0cg,0
1868,1867,25.0,abdulrahman-alawadhi,a948,84
1869,1867,18.0,alexey-aleshchev,a0av,84
1870,1867,17.0,david-argasinski,a0ce,0
1871,1867,18.0,simon-beaupain,b0c3,0
1872,1867,22.0,anvit-bendre,bm28,0
1873,1867,21.0,nicolas-bianchi,b09j,0
1874,1867,19.0,lorenzo-bocchi,b0am,0
1875,1867,23.0,zhao-cai,cf05,128
1876,1867,21.0,martin%20facundo-carrizo,c0by,164
1877,1867,24.0,robert-carter,cg82,-213
1878,1867,22.0,paul-cayre,cg85,-95
1879,1867,21.0,alessandro-ceppellini,ch39,-448
1880,1867,27.0,sathi%20reddy-chirala,ra66,-213
1881,1867,17.0,antoine-cornut-chauvinc,c0az,0
1882,1867,24.0,sergey-dorozhkin,dc01,-2
1883,1867,24.0,besir-durguti,db70,0
1884,1867,17.0,yanki-erel,e0aa,0
1885,1867,22.0,vladimir-filip,f964,205
1886,1867,25.0,anton-galkin,gc64,-902
1887,1867,31.0,maxim-geraskin,g808,-95
1888,1867,24.0,delf-gohlke,ge81,190
1889,1867,31.0,gaston-arturo-grimolizzi,g873,-986
1890,1867,25.0,piotr-grynkowski,gg99,-531
1891,1867,30.0,yassine-idmbarek,i201,-716
1892,1867,26.0,maciej-jablonski,j516,0
1893,1867,28.0,mehdi-jdi,j399,-615
1894,1867,19.0,lev-kazakov,k0b5,-496
1895,1867,19.0,aleksandar-kovacevic,k0az,0
1896,1867,24.0,punnakrit-kritakara,bk41,-95
1897,1867,21.0,edoardo-lamberti,ld45,0
1898,1867,29.0,antoine-leduc,lb06,84
1899,1867,20.0,benjamin-loccisano,lh92,0
1900,1867,26.0,adam-majchrowicz,mi99,-738
1901,1867,19.0,tomohiro-masabayashi,mv39,0
1902,1867,17.0,aidan-mchugh,m0cw,0
1903,1867,24.0,francesco-moncagatto,mj45,-251
1904,1867,28.0,david-nguyen,n0ab,-581
1905,1867,22.0,thien-nguyen%20hoang,n744,-424
1906,1867,17.0,greg-polmans,p0cq,0
1907,1867,20.0,nino-portales,pl93,205
1908,1867,23.0,yusuf%20ebrahim%20ahmed%20-qaed,q953,0
1909,1867,29.0,adriano-quinti,q938,0
1910,1867,22.0,nicholas-reyes,rd46,231
1911,1867,28.0,guillermo-rivera-aranguiz,r814,-1076
1912,1867,18.0,joshua-rose,r0ca,0
1913,1867,18.0,vazha-shubladze,s0cn,0
1914,1867,20.0,mateusz-smolicki,s09i,0
1915,1867,21.0,chanchai-sookton-eng,sw13,0
1916,1867,26.0,adam-thornton-brown,tb90,164
1917,1867,20.0,joseph%20imeh-ubon,u173,-270
1918,1867,20.0,georg-winkler,wb20,0
1919,1867,25.0,yahor-yatsyk,y195,0
1920,1921,31.0,victor-mugurel-anagnastopol,a633,0
1921,1921,22.0,antonio%20j.-ayala%20hernandez,ac27,-430
1922,1921,19.0,giuliano-benedetti,b0bb,0
1923,1921,20.0,maikel-borg,bv09,0
1924,1921,19.0,bruno-britez,b0ar,0
1925,1921,18.0,vlad%20andrei-dancu,dh53,0
1926,1921,21.0,dan-dowson,df87,-1146
1927,1921,28.0,maximiliano-estevez,e708,-1446
1928,1921,20.0,manfred-fellin,fc21,110
1929,1921,32.0,mark-fynn,f723,-467
1930,1921,25.0,robert-galloway,g09v,172
1931,1921,25.0,xiao-gong,ge09,-774
1932,1921,23.0,josh-hagar,hg89,0
1933,1921,21.0,samuel-hodor,h09t,74
1934,1921,23.0,alex-hunt,h0am,0
1935,1921,20.0,patcharapol-kawin,kh65,-56
1936,1921,19.0,phongsapak-kerdlaphee,ki23,0
1937,1921,19.0,lucas-koelle,kh79,30
1938,1921,24.0,tim-kopinski,ke15,-298
1939,1921,17.0,sandro-kopp,k0cj,0
1940,1921,21.0,kris-krawcewicz,kg50,-56
1941,1921,25.0,maksim-malyshev,mm55,-287
1942,1921,19.0,jonathan-morr,m0c9,30
1943,1921,23.0,thomas-otu,o673,110
1944,1921,19.0,daniel-rabas,rh89,0
1945,1921,24.0,hunter-reese,rc21,-804
1946,1921,29.0,aditya%20hari-sasongko,sh33,-353
1947,1921,,rocco-savin,s0cd,0
1948,1921,22.0,leo%20julien-sebaoun,sx40,30
1949,1921,24.0,dominik-sproch,sm51,0
1950,1921,24.0,agustin-suarez%20gonzalez,sy25,-467
1951,1921,17.0,dhakshineswar-suresh,s0de,-56
1952,1921,21.0,luis-valero,v781,-149
1953,1921,24.0,antun-vidak,v733,-353
1954,1921,20.0,santiago-villarruel,v972,-668
1955,1921,19.0,jose-von%20hafe%20perez,v0bg,0
1956,1921,20.0,yann-wojcik,wb24,-685
1957,1921,17.0,ivan-yatsuk,y09o,0
1958,1959,19.0,nicolas-bacella,b09t,-94
1959,1959,20.0,vlad%20andrei-dumitru,dd67,0
1960,1959,23.0,scott-duncan,de02,0
1961,1959,17.0,martim-leote%20prata,l0ad,0
1962,1959,25.0,stefan-micov,mh56,98
1963,1959,16.0,matvey-minin,m0e2,0
1964,1959,21.0,juan-montes,mp33,72
1965,1959,23.0,yuqing-ning,n691,-888
1966,1959,23.0,kazuki-nishiwaki,n934,-305
1967,1959,25.0,nebojsa-peric,pc90,-715
1968,1959,21.0,xi-qi,q976,-688
1969,1959,18.0,franco-ribero,r0bf,-8
1970,1959,20.0,riccardo-roberto,r09c,-395
1971,1959,22.0,olly-sadler,so55,-305
1972,1959,21.0,philipp-schroll,st98,-801
1973,1959,21.0,isaac-stoute,so99,0
1974,1975,21.0,alejandro-artunedo,ae18,-716
1975,1975,27.0,clifford-enosoregbe,e716,-745
1976,1975,18.0,quentin-folliot,fc39,-378
1977,1975,18.0,imanol-lopez%20morillo,l0at,0
1978,1975,23.0,patrick-mayer,m0a1,20
1979,1975,19.0,eduardo-ribeiro,r09v,-407
1980,1975,23.0,christoffer-solberg,sq33,-695
1981,1975,21.0,barlaham-zuluaga%20gaviria,z381,56
1982,1983,23.0,gianluca-acquaroli,a0bd,-32
1983,1983,19.0,sylvester-emmanuel,e09t,-803
1984,1983,29.0,arata-onozawa,o324,-1065
1985,1983,22.0,li-wie-tan,te27,-360
1986,1983,18.0,lucas-vuradin,va46,0
1987,1983,20.0,hao-wu,wb07,-366
1988,1983,23.0,mousa%20shanan-zayed,z367,110
1989,1990,18.0,vasisht-cheruku,c09n,0
1990,1990,25.0,david-fleming,f759,-642
1991,1990,17.0,david-juras,j09w,-504
1992,1990,19.0,bart-stevens,s0au,-562
1993,1994,21.0,gregorio-cordonnier,cg84,-525
1994,1994,,chengze-lyu,l0aw,0
1995,1994,22.0,keisuke-numajiri,n717,-791
1996,1997,20.0,andrej-glvac,g09d,0
1997,1997,26.0,victor-nunez,n583,-721
1998,1999,20.0,isa-mammetgulyyev,mv58,-779
1999,2000,22.0,giovanni-rizzuti,rd10,-830
